"","lon","lat","name","club.to","club.from","transfer.fee","league"
"1",NA,NA,"Dominique Heintz","1. FC Köln","1.FC K'lautern",1.28,"Bundesliga"
"2",NA,NA,"Frederik Sörensen","1. FC Köln","Juventus",1.36,"Bundesliga"
"3",NA,NA,"Anthony Modeste","1. FC Köln","TSG Hoffenheim",3.83,"Bundesliga"
"4",NA,NA,"Leonardo Bittencourt","1. FC Köln","Hannover 96",2.13,"Bundesliga"
"5",NA,NA,"Filip Mladenovic","1. FC Köln","BATE Borisov",1.28,"Bundesliga"
"6",NA,NA,"Milos Jojic","1. FC Köln","Bor. Dortmund",2.55,"Bundesliga"
"7",NA,NA,"Besar Halimi","1.FSV Mainz 05","Stuttg. Kickers",0.298,"Bundesliga"
"8",NA,NA,"Yoshinori Muto","1.FSV Mainz 05","FC Tokyo",2.38,"Bundesliga"
"9",NA,NA,"Emil Berggreen","1.FSV Mainz 05","E. Braunschweig",2.13,"Bundesliga"
"10",NA,NA,"Danny Latza","1.FSV Mainz 05","VfL Bochum",0,"Bundesliga"
"11",NA,NA,"Fabian Frei","1.FSV Mainz 05","FC Basel",3.06,"Bundesliga"
"12",NA,NA,"Giulio Donati","1.FSV Mainz 05","Bay. Leverkusen",0.85,"Bundesliga"
"13",NA,NA,"Gaëtan Bussmann","1.FSV Mainz 05","FC Metz",0.85,"Bundesliga"
"14",NA,NA,"Florian Niederlechner","1.FSV Mainz 05","1.FC Heidenheim",1.7,"Bundesliga"
"15",NA,NA,"Maximilian Beister","1.FSV Mainz 05","Hamburger SV",0,"Bundesliga"
"16",NA,NA,"Karim Onisiwo","1.FSV Mainz 05","SV Mattersburg",0,"Bundesliga"
"17",NA,NA,"Leon Balogun","1.FSV Mainz 05","SV Darmstadt 98",0,"Bundesliga"
"18",NA,NA,"Henrique Sereno","1.FSV Mainz 05","Kayserispor",0,"Bundesliga"
"19",6.2230139,50.7654394,"Carlos Bacca","AC Milan","Sevilla FC",25.5,"Serie A"
"20",6.2230139,50.7654394,"Alessio Romagnoli","AC Milan","AS Roma",21.25,"Serie A"
"21",6.2230139,50.7654394,"Andrea Bertolacci","AC Milan","AS Roma",17,"Serie A"
"22",6.2230139,50.7654394,"Juraj Kucka","AC Milan","Genoa",2.55,"Serie A"
"23",6.2230139,50.7654394,"Simone Verdi","AC Milan","Torino",0.383,"Serie A"
"24",6.2230139,50.7654394,"Luiz Adriano","AC Milan","Shakhtar D.",6.8,"Serie A"
"25",6.2230139,50.7654394,"Luca Antonelli","AC Milan","Genoa",3.83,"Serie A"
"26",6.2230139,50.7654394,"Matteo Pessina","AC Milan","Monza",0.017,"Serie A"
"27",6.2230139,50.7654394,"Rodrigo Ely","AC Milan","Avellino",0,"Serie A"
"28",6.2230139,50.7654394,"José Mauri","AC Milan","Parma",0,"Serie A"
"29",-98.496595,29.4148437,"Ismaël Bennacer","Arsenal","AC Arles-Avign.",0.255,"Premier league"
"30",-98.496595,29.4148437,"Mohamed Elneny","Arsenal","FC Basel",10.63,"Premier league"
"31",-98.496595,29.4148437,"Jeff Reine-Adelaide","Arsenal","RC Lens U19",2.13,"Premier league"
"32",-58.5214952,-34.6284822,"Leandro Paredes","AS Roma","Boca Juniors",5.1,"Serie A"
"33",-58.5214952,-34.6284822,"Ezequiel Ponce","AS Roma","Newell's",3.57,"Serie A"
"34",-58.5214952,-34.6284822,"Ismail H'Maidat","AS Roma","Brescia",2.68,"Serie A"
"35",-58.5214952,-34.6284822,"Matteo Politano","AS Roma","Pescara",0.51,"Serie A"
"36",-58.5214952,-34.6284822,"Nemanja Radonjic","AS Roma","Empoli U19",3.4,"Serie A"
"37",-58.5214952,-34.6284822,"Iago Falqué","AS Roma","Genoa",5.95,"Serie A"
"38",-58.5214952,-34.6284822,"Andrea Bertolacci","AS Roma","Genoa",7.23,"Serie A"
"39",-58.5214952,-34.6284822,"Nicola Falasco","AS Roma","Pistoiese",0.17,"Serie A"
"40",-58.5214952,-34.6284822,"Tiago Casasola","AS Roma","Fulham FC",0,"Serie A"
"41",-77.7914471,43.0824364,"Rudy Gestede","Aston Villa","Blackburn",7.23,"Premier league"
"42",-77.7914471,43.0824364,"Adama Traoré","Aston Villa","FC Barcelona",8.5,"Premier league"
"43",-77.7914471,43.0824364,"Scott Sinclair","Aston Villa","Manchester City",2.98,"Premier league"
"44",-77.7914471,43.0824364,"Idrissa Gueye","Aston Villa","LOSC Lille",7.65,"Premier league"
"45",-77.7914471,43.0824364,"Adama Traoré","Aston Villa","FC Barcelona",8.5,"Premier league"
"46",-77.7914471,43.0824364,"Micah Richards","Aston Villa","Manchester City",0,"Premier league"
"47",-77.7914471,43.0824364,"Jordan Veretout","Aston Villa","FC Nantes",8.5,"Premier league"
"48",-77.7914471,43.0824364,"Joleon Lescott","Aston Villa","West Brom",1.19,"Premier league"
"49",-77.7914471,43.0824364,"José Crespo","Aston Villa","Córdoba CF",0.595,"Premier league"
"50",NA,NA,"Jordan Ayew","Aston Villa","FC Lorient",10.2,"Premier league"
"51",NA,NA,"Jordan Amavi","Aston Villa","OGC Nice",9.35,"Premier league"
"52",NA,NA,"Marco Borriello","Atalanta","Carpi",0,"Serie A"
"53",NA,NA,"Marcos De Paula","Atalanta","Chievo Verona",0,"Serie A"
"54",NA,NA,"Berat Djimsiti","Atalanta","FC Zürich",0,"Serie A"
"55",NA,NA,"Jasmin Kurtic","Atalanta","Sassuolo",2.98,"Serie A"
"56",NA,NA,"Marten de Roon","Atalanta","SC Heerenveen",1.11,"Serie A"
"57",NA,NA,"Rafael Tolói","Atalanta","São Paulo",2.98,"Serie A"
"58",NA,NA,"Mauricio Pinilla","Atalanta","Genoa",1.7,"Serie A"
"59",NA,NA,"Remo Freuler","Atalanta","FC Luzern",1.28,"Serie A"
"60",NA,NA,"Franck Kessié","Atalanta","Stella Club",0.255,"Serie A"
"61",NA,NA,"Andrea Petagna","Atalanta","AC Milan",0.85,"Serie A"
"62",NA,NA,"Luca Valzania","Atalanta","AC Cesena",0.765,"Serie A"
"63",NA,NA,"Gaetano Monachello","Atalanta","Monaco",0.425,"Serie A"
"64",NA,NA,"Eneko Bóveda","Athletic Bilbao","SD Eibar",0,"La Liga"
"65",NA,NA,"Raúl García","Athletic Bilbao","Atlético Madrid",6.8,"La Liga"
"66",NA,NA,"Javi Eraso","Athletic Bilbao","CD Leganés",0,"La Liga"
"67",NA,NA,"Gorka Elustondo","Athletic Bilbao","Real Sociedad",0,"La Liga"
"68",NA,NA,"Bernard Mensah","Atlético Madrid","Vit. Guimarães",5.1,"La Liga"
"69",NA,NA,"Augusto Fernández","Atlético Madrid","Celta de Vigo",3.4,"La Liga"
"70",NA,NA,"Santos Borré","Atlético Madrid","Deportivo Cali",2.34,"La Liga"
"71",NA,NA,"Jackson Martínez","Atlético Madrid","FC Porto",31.54,"La Liga"
"72",NA,NA,"Filipe Luís","Atlético Madrid","Chelsea",13.6,"La Liga"
"73",NA,NA,"Stefan Savic","Atlético Madrid","Fiorentina",21.25,"La Liga"
"74",NA,NA,"Luciano Vietto","Atlético Madrid","Villarreal CF",17,"La Liga"
"75",NA,NA,"Yannick Carrasco","Atlético Madrid","Monaco",14.67,"La Liga"
"76",NA,NA,"Matías Kranevitter","Atlético Madrid","River Plate",6.8,"La Liga"
"77",NA,NA,"Chicharito","Bay. Leverkusen","Manchester Utd.",10.2,"Bundesliga"
"78",NA,NA,"Kevin Kampl","Bay. Leverkusen","Bor. Dortmund",9.35,"Bundesliga"
"79",NA,NA,"Charles Aránguiz","Bay. Leverkusen","Internacional",11.05,"Bundesliga"
"80",NA,NA,"Jonathan Tah","Bay. Leverkusen","Hamburger SV",6.38,"Bundesliga"
"81",NA,NA,"Admir Mehmedi","Bay. Leverkusen","SC Freiburg",6.8,"Bundesliga"
"82",NA,NA,"André Ramalho","Bay. Leverkusen","RB Salzburg",0,"Bundesliga"
"83",NA,NA,"Kyriakos Papadopoulos","Bay. Leverkusen","FC Schalke 04",5.53,"Bundesliga"
"84",NA,NA,"Douglas Costa","Bayern Munich ","Shakhtar D.",25.5,"Bundesliga"
"85",NA,NA,"Joshua Kimmich","Bayern Munich ","VfB Stuttgart",7.23,"Bundesliga"
"86",NA,NA,"Arturo Vidal","Bayern Munich ","Juventus",31.45,"Bundesliga"
"87",NA,NA,"Matteo Brighi","Bologna","Sassuolo",0,"Serie A"
"88",NA,NA,"Mattia Destro","Bologna","AS Roma",7.23,"Serie A"
"89",NA,NA,"Ibrahima Mbaye","Bologna","Inter",2.98,"Serie A"
"90",NA,NA,"Luca Rossettini","Bologna","Cagliari Calcio",2.13,"Serie A"
"91",NA,NA,"Erick Pulgar","Bologna","CDUC",1.94,"Serie A"
"92",NA,NA,"Anthony Mounier","Bologna","Montpellier",1.7,"Serie A"
"93",NA,NA,"Filippo Falco","Bologna","Lecce",1.02,"Serie A"
"94",NA,NA,"Marco Crimi","Bologna","Latina Calcio",0.85,"Serie A"
"95",NA,NA,"Amadou Diawara","Bologna","San Marino C.",0.51,"Serie A"
"96",NA,NA,"Sergio Floccari","Bologna","Sassuolo",0.425,"Serie A"
"97",NA,NA,"Emil Krafth","Bologna","Helsingborgs IF",0.425,"Serie A"
"98",NA,NA,"Franco Brienza","Bologna","AC Cesena",0,"Serie A"
"99",NA,NA,"Gonzalo Castro","Bor. Dortmund","Bay. Leverkusen",9.35,"Bundesliga"
"100",NA,NA,"Joo-Ho Park","Bor. Dortmund","1.FSV Mainz 05",2.55,"Bundesliga"
"101",NA,NA,"Julian Weigl","Bor. Dortmund","1860 Munich",2.13,"Bundesliga"
"102",NA,NA,"Lars Stindl","Bor. M'gladbach","Hannover 96",2.55,"Bundesliga"
"103",NA,NA,"Nico Schulz","Bor. M'gladbach","Hertha BSC",3.4,"Bundesliga"
"104",NA,NA,"Nico Elvedi","Bor. M'gladbach","FC Zürich",3.4,"Bundesliga"
"105",NA,NA,"Jonas Hofmann","Bor. M'gladbach","Bor. Dortmund",6.8,"Bundesliga"
"106",NA,NA,"Thorgan Hazard","Bor. M'gladbach","Chelsea",6.8,"Bundesliga"
"107",NA,NA,"Josip Drmic","Bor. M'gladbach","Bay. Leverkusen",8.5,"Bundesliga"
"108",NA,NA,"Rhoys Wiggins","Bournemouth","Sheff Wed",0.221,"Premier league"
"109",NA,NA,"Joshua King","Bournemouth","Blackburn",0,"Premier league"
"110",NA,NA,"Sylvain Distin","Bournemouth","Everton",0,"Premier league"
"111",NA,NA,"Glenn Murray","Bournemouth","Crystal Palace",4.59,"Premier league"
"112",NA,NA,"Lee Tomlin","Bournemouth","Middlesbrough",3.66,"Premier league"
"113",NA,NA,"Benik Afobe","Bournemouth","Wolves",11.31,"Premier league"
"114",NA,NA,"Tyrone Mings","Bournemouth","Ipswich",9.61,"Premier league"
"115",NA,NA,"Max Gradel","Bournemouth","Saint-Étienne",8.5,"Premier league"
"116",NA,NA,"Lewis Grabban","Bournemouth","Norwich",7.95,"Premier league"
"117",NA,NA,"Nicolás Spolli","Carpi","Catania",0,"Serie A"
"118",NA,NA,"Cristian Zaccardo","Carpi","AC Milan",0,"Serie A"
"119",NA,NA,"Andrea Lazzari","Carpi","Fiorentina",0,"Serie A"
"120",NA,NA,"Ryan Hiwat","Carpi","PSV U19",0,"Serie A"
"121",NA,NA,"Kamil Wilczek","Carpi","Piast Gliwice",0,"Serie A"
"122",NA,NA,"Raphael Martinho","Carpi","Catania",0,"Serie A"
"123",NA,NA,"Fabio Daprelà","Carpi","US Palermo",0,"Serie A"
"124",NA,NA,"Iago Aspas","Celta de Vigo","Sevilla FC",4.51,"La Liga"
"125",NA,NA,"Marcelo Díaz","Celta de Vigo","Hamburger SV",1.53,"La Liga"
"126",NA,NA,"Claudio Beauvue","Celta de Vigo","Olympique Lyon",4.25,"La Liga"
"127",NA,NA,"Daniel Wass","Celta de Vigo","Évian",2.55,"La Liga"
"128",NA,NA,"Dejan Drazic","Celta de Vigo","OFK Beograd",1.02,"La Liga"
"129",NA,NA,"John Guidetti","Celta de Vigo","Manchester City",0,"La Liga"
"130",NA,NA,"Pedro","Chelsea","FC Barcelona",22.95,"Premier league"
"131",NA,NA,"Michael Hector","Chelsea","Reading",4.59,"Premier league"
"132",NA,NA,"Matt Miazga","Chelsea","NY Red Bulls",3.91,"Premier league"
"133",NA,NA,"Kenedy","Chelsea","Fluminense",6.8,"Premier league"
"134",NA,NA,"Danilo Pantic","Chelsea","Partizan",0,"Premier league"
"135",NA,NA,"Abdul Rahman Baba","Chelsea","FC Augsburg",17,"Premier league"
"136",NA,NA,"Papy Djilobodji","Chelsea","FC Nantes",2.98,"Premier league"
"137",NA,NA,"Nathan","Chelsea","Atlético-PR",3.4,"Premier league"
"138",NA,NA,"Lucas Castro","Chievo Verona","Catania",2.98,"Serie A"
"139",NA,NA,"Valter Birsa","Chievo Verona","AC Milan",1.28,"Serie A"
"140",NA,NA,"Nicolás Spolli","Chievo Verona","Carpi",0,"Serie A"
"141",NA,NA,"Giampiero Pinzi","Chievo Verona","Udinese Calcio",0,"Serie A"
"142",NA,NA,"Filippo Di Maio","Chievo Verona","Catania U19",0,"Serie A"
"143",NA,NA,"Nikola Ninkovic","Chievo Verona","Partizan",0.468,"Serie A"
"144",NA,NA,"Ervin Zukanovic","Chievo Verona","KAA Gent",0.85,"Serie A"
"145",NA,NA,"Simone Pepe","Chievo Verona","Juventus",0,"Serie A"
"146",NA,NA,"Isaac Ntow","Chievo Verona","Brescia",0,"Serie A"
"147",NA,NA,"Marco Calderoni","Chievo Verona","Bari",0.085,"Serie A"
"148",NA,NA,"Massimo Gobbi","Chievo Verona","Parma",0,"Serie A"
"149",NA,NA,"Yohan Cabaye","Crystal Palace","Paris SG",11.82,"Premier league"
"150",NA,NA,"Connor Wickham","Crystal Palace","Sunderland",8.5,"Premier league"
"151",NA,NA,"Bakary Sako","Crystal Palace","Wolves",0,"Premier league"
"152",NA,NA,"Jonás Gutiérrez","Dep. La Coruña","Newcastle",0,"La Liga"
"153",NA,NA,"Fernando Navarro","Dep. La Coruña","Sevilla FC",0,"La Liga"
"154",NA,NA,"Pedro Mosquera","Dep. La Coruña","Elche CF",0,"La Liga"
"155",NA,NA,"Lucas","Dep. La Coruña","PAOK Saloniki",1.28,"La Liga"
"156",NA,NA,"Cani","Dep. La Coruña","Villarreal CF",0,"La Liga"
"157",NA,NA,"Szabolcs Huszti","E. Frankfurt","CC Yatai",0.213,"Bundesliga"
"158",NA,NA,"David Abraham","E. Frankfurt","TSG Hoffenheim",1.28,"Bundesliga"
"159",NA,NA,"Stefan Reinartz","E. Frankfurt","Bay. Leverkusen",0,"Bundesliga"
"160",NA,NA,"Änis Ben-Hatira","E. Frankfurt","Hertha BSC",0,"Bundesliga"
"161",NA,NA,"Luc Castaignos","E. Frankfurt","FC Twente",2.13,"Bundesliga"
"162",NA,NA,"Yanni Regäsel","E. Frankfurt","Hertha BSC",0.102,"Bundesliga"
"163",NA,NA,"Mijat Gacinovic","E. Frankfurt","Vojvodina",1.02,"Bundesliga"
"164",NA,NA,"Marco Fabián","E. Frankfurt","Guadalajara",3.15,"Bundesliga"
"165",NA,NA,"Gerard Moreno","Espanyol","Villarreal CF",1.28,"La Liga"
"166",NA,NA,"Óscar Duarte","Espanyol","Club Brugge",0.978,"La Liga"
"167",NA,NA,"Lucas Vázquez","Espanyol","R. M. Castilla",0.425,"La Liga"
"168",NA,NA,"Mickael Ciani","Espanyol","Sporting CP",0,"La Liga"
"169",NA,NA,"Papakouli Diop","Espanyol","Levante UD",0,"La Liga"
"170",NA,NA,"David Henen","Everton","Olympiacos",0.238,"Premier league"
"171",NA,NA,"Ramiro Funes Mori","Everton","River Plate",10.97,"Premier league"
"172",NA,NA,"Shani Tarashaj","Everton","Grasshoppers",3.4,"Premier league"
"173",NA,NA,"Tom Cleverley","Everton","Manchester Utd.",0,"Premier league"
"174",NA,NA,"Oumar Niasse","Everton","Loko Moscow",15.22,"Premier league"
"175",NA,NA,"Aaron Lennon","Everton","Spurs",5.1,"Premier league"
"176",NA,NA,"Leandro Rodríguez","Everton","River Plate",0.595,"Premier league"
"177",NA,NA,"Gerard Deulofeu","Everton","FC Barcelona",5.1,"Premier league"
"178",NA,NA,"Daniel Opare","FC Augsburg","FC Porto",0,"Bundesliga"
"179",NA,NA,"Dominik Kohr","FC Augsburg","Bay. Leverkusen",1.19,"Bundesliga"
"180",NA,NA,"Konstantinos Stafylidis","FC Augsburg","Bay. Leverkusen",2.13,"Bundesliga"
"181",NA,NA,"Piotr Trochowski","FC Augsburg","Sevilla FC",0,"Bundesliga"
"182",NA,NA,"Philipp Max","FC Augsburg","Karlsruher SC",3.23,"Bundesliga"
"183",NA,NA,"Albian Ajeti","FC Augsburg","FC Basel",0.85,"Bundesliga"
"184",NA,NA,"Ja-Cheol Koo","FC Augsburg","1.FSV Mainz 05",4.25,"Bundesliga"
"185",NA,NA,"Jeffrey Gouweleeuw","FC Augsburg","AZ Alkmaar",2.55,"Bundesliga"
"186",NA,NA,"Aleix Vidal","FC Barcelona","Sevilla FC",14.45,"La Liga"
"187",NA,NA,"Arda Turan","FC Barcelona","Atlético Madrid",28.9,"La Liga"
"188",NA,NA,"Luca Bittante","FC Empoli","Fiorentina",0.68,"Serie A"
"189",NA,NA,"Riccardo Saponara","FC Empoli","AC Milan",3.4,"Serie A"
"190",NA,NA,"Kastriot Dermaku","FC Empoli","AS Melfi",0,"Serie A"
"191",NA,NA,"Michele Camporese","FC Empoli","Fiorentina",0.425,"Serie A"
"192",NA,NA,"Marco Zambelli","FC Empoli","Brescia",0,"Serie A"
"193",NA,NA,"Rade Krunic","FC Empoli","Borac Cacak",0,"Serie A"
"194",NA,NA,"Andrea Costa","FC Empoli","Parma",0,"Serie A"
"195",NA,NA,"Darío Lezcano","FC Ingolstadt","FC Luzern",2.13,"Bundesliga"
"196",NA,NA,"Elias Kachunga","FC Ingolstadt","SC Paderborn",1.28,"Bundesliga"
"197",NA,NA,"Markus Suttner","FC Ingolstadt","Austria Vienna",0.595,"Bundesliga"
"198",NA,NA,"Maurice Multhaup","FC Ingolstadt","FC Schalke 04",0.425,"Bundesliga"
"199",NA,NA,"Romain Brégerie","FC Ingolstadt","SV Darmstadt 98",0,"Bundesliga"
"200",NA,NA,"Pape Paye","FC Lorient","Dijon",0,"Ligue 1"
"201",NA,NA,"Jimmy Cabot","FC Lorient","Troyes",1.53,"Ligue 1"
"202",NA,NA,"Benjamin Moukandjo","FC Lorient","Reims",1.28,"Ligue 1"
"203",NA,NA,"Moryké Fofana","FC Lorient","Lilleström SK",0.34,"Ligue 1"
"204",NA,NA,"Waris Majeed","FC Lorient","Trabzonspor",3.83,"Ligue 1"
"205",NA,NA,"Zargo Touré","FC Lorient","AC Le Havre",1.28,"Ligue 1"
"206",NA,NA,"Kolbeinn Sigthórsson","FC Nantes","AFC Ajax",2.55,"Ligue 1"
"207",NA,NA,"Guillaume Gillet","FC Nantes","RSC Anderlecht",1.7,"Ligue 1"
"208",NA,NA,"Emiliano Sala","FC Nantes","G. Bordeaux",0.85,"Ligue 1"
"209",NA,NA,"Adrien Thomasson","FC Nantes","Évian",0.68,"Ligue 1"
"210",NA,NA,"Lorik Cana","FC Nantes","Lazio",0.17,"Ligue 1"
"211",NA,NA,"Wilfried Moimbé","FC Nantes","Stade Brest 29",0,"Ligue 1"
"212",NA,NA,"Alessandro Schöpf","FC Schalke 04","1.FC Nuremberg",4.25,"Bundesliga"
"213",NA,NA,"Matija Nastasic","FC Schalke 04","Manchester City",8.08,"Bundesliga"
"214",NA,NA,"Franco Di Santo","FC Schalke 04","Werder Bremen",5.1,"Bundesliga"
"215",NA,NA,"Johannes Geis","FC Schalke 04","1.FSV Mainz 05",10.2,"Bundesliga"
"216",NA,NA,"Júnior Caiçara","FC Schalke 04","Ludogorets",3.83,"Bundesliga"
"217",NA,NA,"Sascha Riether","FC Schalke 04","SC Freiburg",0,"Bundesliga"
"218",NA,NA,"Mario Suárez","Fiorentina","Atlético Madrid",12.75,"Serie A"
"219",NA,NA,"Nikola Kalinic","Fiorentina","Dnipro",4.68,"Serie A"
"220",NA,NA,"Jaime Báez","Fiorentina","Juventud",1.96,"Serie A"
"221",NA,NA,"Joan Verdú","Fiorentina","Baniyas SC",0,"Serie A"
"222",NA,NA,"Mauro Zárate","Fiorentina","West Ham",1.79,"Serie A"
"223",NA,NA,"Andrés Schetino","Fiorentina","CA Fénix",2.98,"Serie A"
"224",NA,NA,"Luca Bittante","Fiorentina","Avellino",0.425,"Serie A"
"225",NA,NA,"Gilberto","Fiorentina","Botafogo",1.7,"Serie A"
"226",NA,NA,"Oliver Kragl","Frosinone","SV  Ried",0.34,"Serie A"
"227",NA,NA,"Aleksandar Tonev","Frosinone","Aston Villa",0,"Serie A"
"228",NA,NA,"Modibo Diakité","Frosinone","Cagliari Calcio",0,"Serie A"
"229",NA,NA,"Issiar Dia","G. Ajaccio","Lekhwiya",0,"Ligue 1"
"230",NA,NA,"Jacques Zoua","G. Ajaccio","Hamburger SV",0,"Ligue 1"
"231",NA,NA,"Alassane Touré","G. Ajaccio","FC Tours",0,"Ligue 1"
"232",NA,NA,"Amine Chermiti","G. Ajaccio","FC Zürich",0,"Ligue 1"
"233",NA,NA,"Damjan Djokovic","G. Ajaccio","Bologna",0,"Ligue 1"
"234",NA,NA,"Mauro Arambarri","G. Bordeaux","Defensor",2.55,"Ligue 1"
"235",NA,NA,"Pablo","G. Bordeaux","Ponte Preta",1.7,"Ligue 1"
"236",NA,NA,"Milan Gajic","G. Bordeaux","OFK Beograd",0.85,"Ligue 1"
"237",NA,NA,"Malcom","G. Bordeaux","Corinthians",4.25,"Ligue 1"
"238",NA,NA,"Goran Pandev","Genoa","Galatasaray",0,"Serie A"
"239",NA,NA,"Ezequiel Muñoz","Genoa","US Palermo",0,"Serie A"
"240",NA,NA,"Manuel Milinkovic","Genoa","Salernitana",0,"Serie A"
"241",NA,NA,"Darko Lazovic","Genoa","Red Star",0,"Serie A"
"242",NA,NA,"Leonardo Pavoletti","Genoa","Sassuolo",2.55,"Serie A"
"243",NA,NA,"Riccardo Fiamozzi","Genoa","Pescara",1.28,"Serie A"
"244",NA,NA,"Diego Capel","Genoa","Sporting CP",1.11,"Serie A"
"245",NA,NA,"Serge Gakpé","Genoa","FC Nantes",0,"Serie A"
"246",NA,NA,"Luca Rigoni","Genoa","US Palermo",0.425,"Serie A"
"247",NA,NA,"Issa Cissokho","Genoa","FC Nantes",0.425,"Serie A"
"248",NA,NA,"Henok Goitom","Getafe CF","AIK Solna",0,"La Liga"
"249",NA,NA,"Cala","Getafe CF","Granada CF",0,"La Liga"
"250",NA,NA,"Damián Suárez","Getafe CF","Elche CF",0,"La Liga"
"251",NA,NA,"Rene Krhin","Granada CF","Inter",1.11,"La Liga"
"252",NA,NA,"David Barral","Granada CF","Al-Dhafra SCC",0,"La Liga"
"253",NA,NA,"Yrondu Musavu-King","Granada CF","SM Caen",0,"La Liga"
"254",NA,NA,"Ricardo Costa","Granada CF","PAOK Saloniki",0,"La Liga"
"255",NA,NA,"Gaspar Íñiguez","Granada CF","Argentinos",1.02,"La Liga"
"256",NA,NA,"Isaac Cuenca","Granada CF","Bursaspor",0,"La Liga"
"257",NA,NA,"Aridane Hernández","Granada CF","CD Eldense",0,"La Liga"
"258",NA,NA,"David Lombán","Granada CF","Elche CF",0,"La Liga"
"259",NA,NA,"Jimmy Briand","Guingamp","Hannover 96",0,"Ligue 1"
"260",NA,NA,"Nicolas Benezet","Guingamp","Évian",1.02,"Ligue 1"
"261",NA,NA,"Nill De Pauw","Guingamp","KSC Lokeren",0.638,"Ligue 1"
"262",NA,NA,"Jonathan Martins Pereira","Guingamp","Troyes",0,"Ligue 1"
"263",NA,NA,"Nabil Bahoui","Hamburger SV","Ahli",0,"Bundesliga"
"264",NA,NA,"Sven Schipplock","Hamburger SV","TSG Hoffenheim",2.13,"Bundesliga"
"265",NA,NA,"Michael Gregoritsch","Hamburger SV","VfL Bochum",2.55,"Bundesliga"
"266",NA,NA,"Batuhan Altintas","Hamburger SV","Bursaspor",0.34,"Bundesliga"
"267",NA,NA,"Gotoku Sakai","Hamburger SV","VfB Stuttgart",0.595,"Bundesliga"
"268",NA,NA,"Aaron Hunt","Hamburger SV","VfL Wolfsburg",2.55,"Bundesliga"
"269",NA,NA,"Lewis Holtby","Hamburger SV","Spurs",5.53,"Bundesliga"
"270",NA,NA,"Albin Ekdal","Hamburger SV","Cagliari Calcio",3.83,"Bundesliga"
"271",NA,NA,"Uffe Bech","Hannover 96","Nordsjaelland",1.7,"Bundesliga"
"272",NA,NA,"Felix Klaus","Hannover 96","SC Freiburg",2.55,"Bundesliga"
"273",NA,NA,"Iver Fossum","Hannover 96","Strømsgodset",1.7,"Bundesliga"
"274",NA,NA,"Mevlüt Erdinc","Hannover 96","Saint-Étienne",2.81,"Bundesliga"
"275",NA,NA,"Oliver Sorg","Hannover 96","SC Freiburg",2.98,"Bundesliga"
"276",NA,NA,"Marius Wolf","Hannover 96","1860 Munich",1.28,"Bundesliga"
"277",NA,NA,"Charlison Benschop","Hannover 96","F. Düsseldorf",1.28,"Bundesliga"
"278",NA,NA,"Hotaru Yamaguchi","Hannover 96","Cerezo Osaka",0.85,"Bundesliga"
"279",NA,NA,"Hugo Almeida","Hannover 96","Anzhi",0,"Bundesliga"
"280",NA,NA,"Leandro Greco","Hellas Verona","Genoa",0.255,"Serie A"
"281",NA,NA,"Federico Viviani","Hellas Verona","AS Roma",3.4,"Serie A"
"282",NA,NA,"Michelangelo Albertazzi","Hellas Verona","AC Milan",0,"Serie A"
"283",NA,NA,"Giampaolo Pazzini","Hellas Verona","AC Milan",0,"Serie A"
"284",NA,NA,"Mattia Valoti","Hellas Verona","UC AlbinoLeffe",0,"Serie A"
"285",NA,NA,"Filip Helander","Hellas Verona","Malmö FF",0.85,"Serie A"
"286",NA,NA,"Eros Pisano","Hellas Verona","US Palermo",0.85,"Serie A"
"287",NA,NA,"Luca Siligardi","Hellas Verona","AS Livorno",0,"Serie A"
"288",NA,NA,"Samuel Souprayen","Hellas Verona","Dijon",0,"Serie A"
"289",NA,NA,"Vladimír Darida","Hertha BSC","SC Freiburg",3.23,"Bundesliga"
"290",NA,NA,"Niklas Stark","Hertha BSC","1.FC Nuremberg",2.55,"Bundesliga"
"291",NA,NA,"Sinan Kurt","Hertha BSC","Bayern Munich ",0.425,"Bundesliga"
"292",NA,NA,"Mitchell Weiser","Hertha BSC","Bayern Munich ",0,"Bundesliga"
"293",NA,NA,"Geoffrey Kondogbia","Inter","Monaco",26.35,"Serie A"
"294",NA,NA,"Xherdan Shaqiri","Inter","Bayern Munich ",12.75,"Serie A"
"295",NA,NA,"Jeison Murillo","Inter","Granada CF",6.8,"Serie A"
"296",NA,NA,"Ivan Perisic","Inter","VfL Wolfsburg",13.6,"Serie A"
"297",NA,NA,"Felipe Melo","Inter","Galatasaray",3.15,"Serie A"
"298",NA,NA,"Davide Santon","Inter","Newcastle",3.15,"Serie A"
"299",NA,NA,"Mario Mandzukic","Juventus","Atlético Madrid",16.15,"Serie A"
"300",NA,NA,"Roberto Pereyra","Juventus","Udinese Calcio",11.9,"Serie A"
"301",NA,NA,"Simone Zaza","Juventus","Sassuolo",15.3,"Serie A"
"302",NA,NA,"Alex Sandro","Juventus","FC Porto",22.1,"Serie A"
"303",NA,NA,"Paulo Dybala","Juventus","US Palermo",27.2,"Serie A"
"304",NA,NA,"Andrés Tello","Juventus","Envigado",1.19,"Serie A"
"305",NA,NA,"Mame Thiam","Juventus","Virtus Lanciano",1.19,"Serie A"
"306",NA,NA,"Hernanes","Juventus","Inter",11.05,"Serie A"
"307",NA,NA,"Rolando Mandragora","Juventus","Genoa",5.1,"Serie A"
"308",NA,NA,"Sami Khedira","Juventus","Real Madrid",0,"Serie A"
"309",NA,NA,"Alberto Cerri","Juventus","Parma",0,"Serie A"
"310",NA,NA,"Milan Bisevac","Lazio","Olympique Lyon",0,"Serie A"
"311",NA,NA,"Dusan Basta","Lazio","Udinese Calcio",4.25,"Serie A"
"312",NA,NA,"Wesley Hoedt","Lazio","AZ Alkmaar",0,"Serie A"
"313",NA,NA,"Ronaldo","Lazio","FC Empoli",0,"Serie A"
"314",NA,NA,"Ricardo Kishna","Lazio","AFC Ajax",2.55,"Serie A"
"315",NA,NA,"Patric","Lazio","FC Barcelona B",0,"Serie A"
"316",NA,NA,"Sergej Milinkovic-Savic","Lazio","KRC Genk",7.65,"Serie A"
"317",NA,NA,"Maurício","Lazio","Sporting CP",2.25,"Serie A"
"318",NA,NA,"Riccardo Serpieri","Lazio","Cosenza",0,"Serie A"
"319",NA,NA,"Shinji Okazaki","Leicester","1.FSV Mainz 05",9.35,"Premier league"
"320",NA,NA,"N'Golo Kanté","Leicester","SM Caen",7.65,"Premier league"
"321",NA,NA,"Daniel Amartey","Leicester","FC Copenhagen",5.61,"Premier league"
"322",NA,NA,"Gökhan Inler","Leicester","SSC Napoli",5.95,"Premier league"
"323",NA,NA,"Robert Huth","Leicester","Stoke City",3.57,"Premier league"
"324",NA,NA,"Yohan Benalouane","Leicester","Atalanta",5.95,"Premier league"
"325",NA,NA,"Demarai Gray","Leicester","Birmingham",4.34,"Premier league"
"326",NA,NA,"Christian Fuchs","Leicester","FC Schalke 04",0,"Premier league"
"327",NA,NA,"Ángel Trujillo","Levante UD","UD Almería",0.85,"La Liga"
"328",NA,NA,"Deyverson","Levante UD","Belenenses",1.53,"La Liga"
"329",NA,NA,"Mauricio Cuero","Levante UD","CD La Equidad",2.72,"La Liga"
"330",NA,NA,"Verza","Levante UD","UD Almería",0,"La Liga"
"331",NA,NA,"Joan Verdú","Levante UD","Fiorentina",0,"La Liga"
"332",NA,NA,"Carl Medjani","Levante UD","Trabzonspor",0,"La Liga"
"333",NA,NA,"Zouhair Feddal","Levante UD","Parma",0,"La Liga"
"334",NA,NA,"Christian Benteke","Liverpool","Aston Villa",39.53,"Premier league"
"335",NA,NA,"Roberto Firmino","Liverpool","TSG Hoffenheim",34.85,"Premier league"
"336",NA,NA,"Nathaniel Clyne","Liverpool","Southampton",15.05,"Premier league"
"337",NA,NA,"Joe Gomez","Liverpool","Charlton",4.17,"Premier league"
"338",NA,NA,"James Milner","Liverpool","Manchester City",0,"Premier league"
"339",NA,NA,"Danny Ings","Liverpool","Burnley FC",7.06,"Premier league"
"340",NA,NA,"Marko Grujic","Liverpool","Red Star",5.95,"Premier league"
"341",NA,NA,"Baptiste Guillaume","LOSC Lille","Lens",3.4,"Ligue 1"
"342",NA,NA,"Sehrou Guirassy","LOSC Lille","Stade Laval",0.425,"Ligue 1"
"343",NA,NA,"Renato Civelli","LOSC Lille","Bursaspor",0,"Ligue 1"
"344",NA,NA,"Mounir Obbadi","LOSC Lille","Monaco",0,"Ligue 1"
"345",NA,NA,"Lenny Nangis","LOSC Lille","SM Caen",0.85,"Ligue 1"
"346",NA,NA,"Eric Bauthéac","LOSC Lille","OGC Nice",2.04,"Ligue 1"
"347",NA,NA,"Ibrahim Amadou","LOSC Lille","AS Nancy",1.7,"Ligue 1"
"348",NA,NA,"Junior Tallo","LOSC Lille","AS Roma",0.85,"Ligue 1"
"349",NA,NA,"Yassine Benzia","LOSC Lille","Olympique Lyon",0.85,"Ligue 1"
"350",NA,NA,"Charles","Málaga CF","Celta de Vigo",0.425,"La Liga"
"351",NA,NA,"Fábio Espinho","Málaga CF","Ludogorets",0,"La Liga"
"352",NA,NA,"Nordin Amrabat","Málaga CF","Galatasaray",2.98,"La Liga"
"353",NA,NA,"Federico Ricca","Málaga CF","Danubio FC",2.13,"La Liga"
"354",NA,NA,"Chory Castro","Málaga CF","Real Sociedad",0,"La Liga"
"355",NA,NA,"Adnane Tighadouini","Málaga CF","NAC Breda",1.02,"La Liga"
"356",NA,NA,"Patrick Roberts","Manchester City","Fulham FC",12.75,"Premier league"
"357",NA,NA,"Nicolás Otamendi","Manchester City","Valencia CF",37.91,"Premier league"
"358",NA,NA,"Raheem Sterling","Manchester City","Liverpool",53.13,"Premier league"
"359",NA,NA,"Fabian Delph","Manchester City","Aston Villa",9.78,"Premier league"
"360",NA,NA,"Enes Ünal","Manchester City","Bursaspor",2.55,"Premier league"
"361",NA,NA,"Anthony Cáceres","Manchester City","Central Coast Mariners",0.272,"Premier league"
"362",NA,NA,"Kevin De Bruyne","Manchester City","VfL Wolfsburg",62.9,"Premier league"
"363",NA,NA,"Rubén Sobrino","Manchester City","Ponferradina",0.234,"Premier league"
"364",NA,NA,"Luke Brattan","Manchester City","Brisbane Roar",0,"Premier league"
"365",NA,NA,"Florian Lejeune","Manchester City","Girona FC",0.255,"Premier league"
"366",NA,NA,"Bastian Schweinsteiger","Manchester Utd.","Bayern Munich ",7.65,"Premier league"
"367",NA,NA,"Morgan Schneiderlin","Manchester Utd.","Southampton",29.75,"Premier league"
"368",NA,NA,"Matteo Darmian","Manchester Utd.","Torino",15.3,"Premier league"
"369",NA,NA,"Memphis Depay","Manchester Utd.","PSV Eindhoven",28.9,"Premier league"
"370",NA,NA,"Anthony Martial","Manchester Utd.","Monaco",42.5,"Premier league"
"371",NA,NA,"Karim Rekik","Marseille","Manchester City",4.25,"Ligue 1"
"372",NA,NA,"Abou Diaby","Marseille","Arsenal",0,"Ligue 1"
"373",NA,NA,"Bouna Sarr","Marseille","FC Metz",1.7,"Ligue 1"
"374",NA,NA,"Georges-Kevin N'Koudou","Marseille","FC Nantes",1.28,"Ligue 1"
"375",NA,NA,"Rolando","Marseille","FC Porto",1.28,"Ligue 1"
"376",NA,NA,"Lucas Ocampos","Marseille","Monaco",6.38,"Ligue 1"
"377",NA,NA,"André Zambo Anguissa","Marseille","Stade Reims U19",0,"Ligue 1"
"378",NA,NA,"Gabriel Boschilia","Monaco","São Paulo",7.7,"Ligue 1"
"379",NA,NA,"Adama Traoré","Monaco","LOSC Lille",11.9,"Ligue 1"
"380",NA,NA,"Rony Lopes","Monaco","Manchester City",10.2,"Ligue 1"
"381",NA,NA,"Jemerson","Monaco","Atlético-MG",9.35,"Ligue 1"
"382",NA,NA,"Ivan Cavaleiro","Monaco","Benfica",12.75,"Ligue 1"
"383",NA,NA,"Adama Traoré","Monaco","LOSC Lille",11.9,"Ligue 1"
"384",NA,NA,"Thomas Lemar","Monaco","SM Caen",3.4,"Ligue 1"
"385",NA,NA,"Guido Carrillo","Monaco","Estudiantes",7.65,"Ligue 1"
"386",NA,NA,"Fabinho","Monaco","Rio Ave FC",5.1,"Ligue 1"
"387",NA,NA,"Allan Saint-Maximin","Monaco","Saint-Étienne",4.25,"Ligue 1"
"388",NA,NA,"Corentin Jean","Monaco","Troyes",3.4,"Ligue 1"
"389",NA,NA,"Farès Bahlouli","Monaco","Olympique Lyon",2.98,"Ligue 1"
"390",NA,NA,"Vágner Love","Monaco","Corinthians",1.28,"Ligue 1"
"391",NA,NA,"Ryad Boudebouz","Montpellier","SC Bastia",1.45,"Ligue 1"
"392",NA,NA,"Casimir Ninga","Montpellier","Mangasport",0.064,"Ligue 1"
"393",NA,NA,"William Rémy","Montpellier","Dijon",0,"Ligue 1"
"394",NA,NA,"Chancel Mbemba","Newcastle","RSC Anderlecht",10.2,"Premier league"
"395",NA,NA,"Jonjo Shelvey","Newcastle","Swansea",13.6,"Premier league"
"396",NA,NA,"Aleksandar Mitrovic","Newcastle","RSC Anderlecht",15.73,"Premier league"
"397",NA,NA,"Ivan Toney","Newcastle","Northampt. Town",0.604,"Premier league"
"398",NA,NA,"Andros Townsend","Newcastle","Spurs",13.35,"Premier league"
"399",NA,NA,"Henri Saivet","Newcastle","G. Bordeaux",5.1,"Premier league"
"400",NA,NA,"Florian Thauvin","Newcastle","Marseille",15.6,"Premier league"
"401",NA,NA,"Georginio Wijnaldum","Newcastle","PSV Eindhoven",17,"Premier league"
"402",NA,NA,"Steven Naismith","Norwich","Everton",9.35,"Premier league"
"403",NA,NA,"Timm Klose","Norwich","VfL Wolfsburg",9.35,"Premier league"
"404",NA,NA,"Robbie Brady","Norwich","Hull City",8.42,"Premier league"
"405",NA,NA,"Graham Dorrans","Norwich","West Brom",3.49,"Premier league"
"406",NA,NA,"Ivo Pinto","Norwich","Dinamo Zagreb",3.15,"Premier league"
"407",NA,NA,"Matt Jarvis","Norwich","West Ham",2.89,"Premier league"
"408",NA,NA,"Youssouf Mulumbu","Norwich","West Brom",0,"Premier league"
"409",NA,NA,"Mickaël Le Bihan","OGC Nice","AC Le Havre",1.28,"Ligue 1"
"410",NA,NA,"Jean Michaël Seri","OGC Nice","Paços Ferreira",0.85,"Ligue 1"
"411",NA,NA,"Rémi Walter","OGC Nice","AS Nancy",0.85,"Ligue 1"
"412",NA,NA,"Maxime Le Marchand","OGC Nice","AC Le Havre",0.51,"Ligue 1"
"413",NA,NA,"Sergi Darder","Olympique Lyon","Málaga CF",11.14,"Ligue 1"
"414",NA,NA,"Mapou Yanga-Mbiwa","Olympique Lyon","AS Roma",7.99,"Ligue 1"
"415",NA,NA,"Claudio Beauvue","Olympique Lyon","Guingamp",5.1,"Ligue 1"
"416",NA,NA,"Mathieu Valbuena","Olympique Lyon","Dinamo Moscow",5.1,"Ligue 1"
"417",NA,NA,"Rafael","Olympique Lyon","Manchester Utd.",2.72,"Ligue 1"
"418",NA,NA,"Lucas Tousart","Olympique Lyon","FC Valenciennes",2.21,"Ligue 1"
"419",NA,NA,"Olivier Kemen","Olympique Lyon","Newcastle U23",0.68,"Ligue 1"
"420",NA,NA,"Jérémy Morel","Olympique Lyon","Marseille",0,"Ligue 1"
"421",NA,NA,"Layvin Kurzawa","Paris SG","Monaco",21.25,"Ligue 1"
"422",NA,NA,"Serge Aurier","Paris SG","Toulouse",8.5,"Ligue 1"
"423",NA,NA,"Benjamin Stambouli","Paris SG","Spurs",7.31,"Ligue 1"
"424",NA,NA,"Gustavo","Paris SG","FC São Paulo B",0,"Ligue 1"
"425",NA,NA,"Ángel Di María","Paris SG","Manchester Utd.",53.55,"Ligue 1"
"426",NA,NA,"Ousseynou Cissé","Rayo Vallecano","Dijon",0,"La Liga"
"427",NA,NA,"Piti","Rayo Vallecano","Granada CF",0,"La Liga"
"428",NA,NA,"Patrick Ebert","Rayo Vallecano","Spartak Moscow",0,"La Liga"
"429",NA,NA,"Razvan Rat","Rayo Vallecano","PAOK Saloniki",0,"La Liga"
"430",NA,NA,"José Antonio Dorado","Rayo Vallecano","Villarreal CF",0,"La Liga"
"431",NA,NA,"Juan Vargas","Real Betis","Fiorentina",0,"La Liga"
"432",NA,NA,"Didier Digard","Real Betis","OGC Nice",0,"La Liga"
"433",NA,NA,"Germán Pezzella","Real Betis","River Plate",1.91,"La Liga"
"434",NA,NA,"Joaquín","Real Betis","Fiorentina",1.28,"La Liga"
"435",NA,NA,"Francisco Portillo","Real Betis","Málaga CF",0.85,"La Liga"
"436",NA,NA,"Petros","Real Betis","Corinthians",1.45,"La Liga"
"437",NA,NA,"Cristiano Piccini","Real Betis","Fiorentina",1.28,"La Liga"
"438",NA,NA,"Heiko Westermann","Real Betis","Hamburger SV",0,"La Liga"
"439",NA,NA,"Rafael van der Vaart","Real Betis","Hamburger SV",0,"La Liga"
"440",NA,NA,"Foued Kadir","Real Betis","Marseille",0.51,"La Liga"
"441",NA,NA,"Amro Tarek","Real Betis","El Gouna",0.255,"La Liga"
"442",NA,NA,"Danilo","Real Madrid","FC Porto",26.78,"La Liga"
"443",NA,NA,"Mateo Kovacic","Real Madrid","Inter",26.35,"La Liga"
"444",NA,NA,"Marco Asensio","Real Madrid","RCD Mallorca",2.98,"La Liga"
"445",NA,NA,"Jesús Vallejo","Real Madrid","Real Zaragoza",4.25,"La Liga"
"446",NA,NA,"Lucas Vázquez","Real Madrid","Espanyol",0.85,"La Liga"
"447",NA,NA,"Jonathas","Real Sociedad","Elche CF",6.12,"La Liga"
"448",NA,NA,"David Concha","Real Sociedad","Racing",0.85,"La Liga"
"449",NA,NA,"Asier Illarramendi","Real Sociedad","Real Madrid",12.75,"La Liga"
"450",NA,NA,"Jaba Kankava","Reims","Dnipro",1.28,"Ligue 1"
"451",NA,NA,"Hassane Kamara","Reims","LB Châteauroux",0,"Ligue 1"
"452",NA,NA,"Hugo Rodriguez","Reims","AC Arles-Avign.",0,"Ligue 1"
"453",NA,NA,"Giovanni Sio","Rennes","FC Basel",1.7,"Ligue 1"
"454",NA,NA,"Ludovic Baal","Rennes","Lens",0,"Ligue 1"
"455",NA,NA,"Yacouba Sylla","Rennes","Aston Villa",1.28,"Ligue 1"
"456",NA,NA,"Mehdi Zeffane","Rennes","Olympique Lyon",0.85,"Ligue 1"
"457",NA,NA,"Kermit Erasmus","Rennes","Orlando Pirates",0.544,"Ligue 1"
"458",NA,NA,"Pedro Mendes","Rennes","Parma",0,"Ligue 1"
"459",NA,NA,"Vincent Pajot","Saint-Étienne","Rennes",0,"Ligue 1"
"460",NA,NA,"Robert Beric","Saint-Étienne","Rapid Vienna",4.68,"Ligue 1"
"461",NA,NA,"Ole Selnaes","Saint-Étienne","Rosenborg BK",2.72,"Ligue 1"
"462",NA,NA,"Oussama Tannane","Saint-Étienne","Heracles Almelo",2.13,"Ligue 1"
"463",NA,NA,"Kévin Théophile-Catherine","Saint-Étienne","Cardiff",1.7,"Ligue 1"
"464",NA,NA,"Alexander Söderlund","Saint-Étienne","Rosenborg BK",1.7,"Ligue 1"
"465",NA,NA,"Nolan Roux","Saint-Étienne","LOSC Lille",1.7,"Ligue 1"
"466",NA,NA,"Neal Maupay","Saint-Étienne","OGC Nice",0.51,"Ligue 1"
"467",NA,NA,"Kévin Malcuit","Saint-Étienne","FC Niort",0.425,"Ligue 1"
"468",NA,NA,"Édgar Barreto","Sampdoria","US Palermo",0,"Serie A"
"469",NA,NA,"Matías Silvestre","Sampdoria","Inter",0,"Serie A"
"470",NA,NA,"Mattia Cassani","Sampdoria","Parma",0,"Serie A"
"471",NA,NA,"Luis Muriel","Sampdoria","Udinese Calcio",8.93,"Serie A"
"472",NA,NA,"Fernando","Sampdoria","Shakhtar D.",6.8,"Serie A"
"473",NA,NA,"Ricardo Álvarez","Sampdoria","Sunderland",0,"Serie A"
"474",NA,NA,"Ervin Zukanovic","Sampdoria","Chievo Verona",2.47,"Serie A"
"475",NA,NA,"Modibo Diakité","Sampdoria","Frosinone",0,"Serie A"
"476",NA,NA,"Oliveira Jefferson","Sampdoria","Vicenza",0,"Serie A"
"477",NA,NA,"Milan Skriniar","Sampdoria","MSK Zilina",0.85,"Serie A"
"478",NA,NA,"Michele Rocca","Sampdoria","Inter U19",0.85,"Serie A"
"479",NA,NA,"Alfred Duncan","Sampdoria","Inter",2.21,"Serie A"
"480",NA,NA,"Lucas Torreira","Sampdoria","Pescara",1.7,"Serie A"
"481",NA,NA,"Niklas Moisander","Sampdoria","AFC Ajax",0,"Serie A"
"482",NA,NA,"Pedro Pereira","Sampdoria","Benfica Youth",0.162,"Serie A"
"483",NA,NA,"Andrea Coda","Sampdoria","Udinese Calcio",0,"Serie A"
"484",NA,NA,"Marcello Trotta","Sassuolo","Avellino",2.38,"Serie A"
"485",NA,NA,"Luca Mazzitelli","Sassuolo","AS Roma",2.98,"Serie A"
"486",NA,NA,"Cristian Dell'Orco","Sassuolo","Parma",0,"Serie A"
"487",NA,NA,"Lorenzo Pellegrini","Sassuolo","Roma U19",1.06,"Serie A"
"488",NA,NA,"Stefano Sensi","Sassuolo","AC Cesena",4.25,"Serie A"
"489",NA,NA,"Grégoire Defrel","Sassuolo","AC Cesena",5.95,"Serie A"
"490",NA,NA,"Domenico Berardi","Sassuolo","Juventus",8.5,"Serie A"
"491",NA,NA,"Giovanni Sbrissa","Sassuolo","Vicenza",0.68,"Serie A"
"492",NA,NA,"Yassine Jebbour","SC Bastia","Montpellier",0,"Ligue 1"
"493",NA,NA,"Romain Saïss","SCO Angers","AC Le Havre",0,"Ligue 1"
"494",NA,NA,"Goran Karanovic","SCO Angers","FC St. Gallen",0,"Ligue 1"
"495",NA,NA,"Mathias Serin","SCO Angers","SO Romorantin",0,"Ligue 1"
"496",NA,NA,"Bilel Mohsni","SCO Angers","Rangers",0,"Ligue 1"
"497",NA,NA,"Slimane Sissoko","SCO Angers","Luçon VF",0,"Ligue 1"
"498",NA,NA,"Cheikh Ndoye","SCO Angers","US Créteil",0,"Ligue 1"
"499",NA,NA,"Yoann Andreu","SCO Angers","G. Ajaccio",0,"Ligue 1"
"500",NA,NA,"Férébory Doré","SCO Angers","Botev Plovdiv",0,"Ligue 1"
"501",NA,NA,"Ismaël Traoré","SCO Angers","Stade Brest 29",0,"Ligue 1"
"502",NA,NA,"Grégory Bourillon","SCO Angers","Reims",0,"Ligue 1"
"503",NA,NA,"Billy Ketkeophomphone","SCO Angers","FC Tours",0,"Ligue 1"
"504",NA,NA,"Pierrick Capelle","SCO Angers","Clermont Foot",0,"Ligue 1"
"505",NA,NA,"Iván Ramis","SD Eibar","Levante UD",0,"La Liga"
"506",NA,NA,"Antonio Luna","SD Eibar","Aston Villa",0,"La Liga"
"507",NA,NA,"Keko","SD Eibar","Albacete",0,"La Liga"
"508",NA,NA,"Adrián González","SD Eibar","Elche CF",0,"La Liga"
"509",NA,NA,"Jon Ansotegi","SD Eibar","Real Sociedad",0,"La Liga"
"510",NA,NA,"Takashi Inui","SD Eibar","E. Frankfurt",0.425,"La Liga"
"511",NA,NA,"Sergi Enrich","SD Eibar","CD Numancia",0,"La Liga"
"512",NA,NA,"Mauro dos Santos","SD Eibar","UD Almería",0,"La Liga"
"513",NA,NA,"Gonzalo Escalante","SD Eibar","Catania",0.85,"La Liga"
"514",NA,NA,"Kike","SD Eibar","Middlesbrough",1.7,"La Liga"
"515",NA,NA,"Mariano","Sevilla FC","G. Bordeaux",2.98,"La Liga"
"516",NA,NA,"Sergio Escudero","Sevilla FC","Getafe CF",2.55,"La Liga"
"517",NA,NA,"Gaël Kakuta","Sevilla FC","Chelsea",5.1,"La Liga"
"518",NA,NA,"Iago Aspas","Sevilla FC","Liverpool",5.1,"La Liga"
"519",NA,NA,"Adil Rami","Sevilla FC","AC Milan",2.98,"La Liga"
"520",NA,NA,"Evgen Konoplyanka","Sevilla FC","Dnipro",0,"La Liga"
"521",NA,NA,"Steven N'Zonzi","Sevilla FC","Stoke City",8.29,"La Liga"
"522",NA,NA,"Fernando Llorente","Sevilla FC","Juventus",0,"La Liga"
"523",NA,NA,"Michael Krohn-Dehli","Sevilla FC","Celta de Vigo",0,"La Liga"
"524",NA,NA,"Ciro Immobile","Sevilla FC","Bor. Dortmund",9.35,"La Liga"
"525",NA,NA,"Syam Ben Youssef","SM Caen","Astra Giurgiu",0,"Ligue 1"
"526",NA,NA,"Andy Delort","SM Caen","Wigan",1.7,"Ligue 1"
"527",NA,NA,"Jeff Louis","SM Caen","Standard Liège",1.7,"Ligue 1"
"528",NA,NA,"Pape Sané","SM Caen","Bourg-en-Bresse",0.765,"Ligue 1"
"529",NA,NA,"Chaker Alhadhur","SM Caen","FC Nantes",0.043,"Ligue 1"
"530",NA,NA,"Christian Kouakou","SM Caen","FC Tours",0.425,"Ligue 1"
"531",NA,NA,"Vincent Bessat","SM Caen","FC Nantes",0,"Ligue 1"
"532",NA,NA,"Florian Le Joncour","SM Caen","Concarneau",0,"Ligue 1"
"533",NA,NA,"Jonathan Delaplace","SM Caen","LOSC Lille",0.51,"Ligue 1"
"534",NA,NA,"Jordan N'Kololo","SM Caen","Clermont Foot",0,"Ligue 1"
"535",NA,NA,"Jordy Clasie","Southampton","Feyenoord",10.2,"Premier league"
"536",NA,NA,"Oriol Romeu","Southampton","Chelsea",5.95,"Premier league"
"537",NA,NA,"Juanmi","Southampton","Málaga CF",5.95,"Premier league"
"538",NA,NA,"Cuco Martina","Southampton","FC Twente",1.28,"Premier league"
"539",NA,NA,"Virgil van Dijk","Southampton","Celtic",13.35,"Premier league"
"540",NA,NA,"Charlie Austin","Southampton","QPR",4.42,"Premier league"
"541",NA,NA,"Cédric Soares","Southampton","Sporting CP",4.68,"Premier league"
"542",NA,NA,"Ognjen Vranjes","Sporting Gijón","Gaziantepspor",0,"La Liga"
"543",NA,NA,"Kevin Wimmer","Spurs","1. FC Köln",5.1,"Premier league"
"544",NA,NA,"Clinton N'Jie","Spurs","Olympique Lyon",11.99,"Premier league"
"545",NA,NA,"Toby Alderweireld","Spurs","Atlético Madrid",13.6,"Premier league"
"546",NA,NA,"Heung-Min Son","Spurs","Bay. Leverkusen",25.5,"Premier league"
"547",NA,NA,"Kieran Trippier","Spurs","Burnley FC",4.17,"Premier league"
"548",NA,NA,"Raffaele Maiello","SSC Napoli","Crotone",1.28,"Serie A"
"549",NA,NA,"Jacopo Dezi","SSC Napoli","Crotone",0.255,"Serie A"
"550",NA,NA,"Elseid Hysaj","SSC Napoli","FC Empoli",4.25,"Serie A"
"551",NA,NA,"Mirko Valdifiori","SSC Napoli","FC Empoli",4.68,"Serie A"
"552",NA,NA,"Allan","SSC Napoli","Udinese Calcio",9.78,"Serie A"
"553",NA,NA,"Alberto Grassi","SSC Napoli","Atalanta",6.8,"Serie A"
"554",NA,NA,"Vlad Chiriches","SSC Napoli","Spurs",5.95,"Serie A"
"555",NA,NA,"Eddy Gnahoré","SSC Napoli","Carrarese",0.128,"Serie A"
"556",NA,NA,"Ibrahim Afellay","Stoke City","FC Barcelona",0,"Premier league"
"557",NA,NA,"Philipp Wollscheid","Stoke City","Bay. Leverkusen",3.23,"Premier league"
"558",NA,NA,"Glen Johnson","Stoke City","Liverpool",0,"Premier league"
"559",NA,NA,"Xherdan Shaqiri","Stoke City","Inter",14.45,"Premier league"
"560",NA,NA,"Giannelli Imbula","Stoke City","FC Porto",20.61,"Premier league"
"561",NA,NA,"Joselu","Stoke City","Hannover 96",6.8,"Premier league"
"562",NA,NA,"Jeremain Lens","Sunderland","Dynamo Kyiv",9.69,"Premier league"
"563",NA,NA,"Wahbi Khazri","Sunderland","G. Bordeaux",10.03,"Premier league"
"564",NA,NA,"Fabio Borini","Sunderland","Liverpool",9.1,"Premier league"
"565",NA,NA,"Ricardo Álvarez","Sunderland","Inter",8.93,"Premier league"
"566",NA,NA,"Lamine Koné","Sunderland","FC Lorient",5.53,"Premier league"
"567",NA,NA,"Younès Kaboul","Sunderland","Spurs",3.66,"Premier league"
"568",NA,NA,"Santiago Vergini","Sunderland","Estudiantes",2.42,"Premier league"
"569",NA,NA,"Jan Kirchhoff","Sunderland","Bayern Munich ",0.85,"Premier league"
"570",NA,NA,"Sebastián Coates","Sunderland","Liverpool",2.38,"Premier league"
"571",NA,NA,"Adam Matthews","Sunderland","Celtic",2.38,"Premier league"
"572",NA,NA,"Sandro Wagner","SV Darmstadt 98","Hertha BSC",0,"Bundesliga"
"573",NA,NA,"Mario Vrancic","SV Darmstadt 98","SC Paderborn",0.425,"Bundesliga"
"574",NA,NA,"Fabian Holland","SV Darmstadt 98","Hertha BSC",0.298,"Bundesliga"
"575",NA,NA,"Peter Niemeyer","SV Darmstadt 98","Hertha BSC",0,"Bundesliga"
"576",NA,NA,"Júnior Díaz","SV Darmstadt 98","1.FSV Mainz 05",0,"Bundesliga"
"577",NA,NA,"Jan Rosenthal","SV Darmstadt 98","E. Frankfurt",0,"Bundesliga"
"578",NA,NA,"Konstantin Rausch","SV Darmstadt 98","VfB Stuttgart",0,"Bundesliga"
"579",NA,NA,"André Ayew","Swansea","Marseille",0,"Premier league"
"580",NA,NA,"Alberto Paloschi","Swansea","Chievo Verona",8.08,"Premier league"
"581",NA,NA,"Botti Biabi","Swansea","Falkirk FC",0.179,"Premier league"
"582",NA,NA,"Éder","Swansea","Braga",5.7,"Premier league"
"583",NA,NA,"Franck Tabanou","Swansea","Saint-Étienne",4.17,"Premier league"
"584",NA,NA,"Andrea Belotti","Torino","US Palermo",7.14,"Serie A"
"585",NA,NA,"Danilo Avelar","Torino","Cagliari Calcio",2.13,"Serie A"
"586",NA,NA,"Daniele Baselli","Torino","Atalanta",5.1,"Serie A"
"587",NA,NA,"Joel Obi","Torino","Inter",1.87,"Serie A"
"588",NA,NA,"Davide Zappacosta","Torino","Atalanta",3.66,"Serie A"
"589",NA,NA,"Afriyie Acquah","Torino","TSG Hoffenheim",2.64,"Serie A"
"590",NA,NA,"Somália","Toulouse","Ferencváros",2.04,"Ligue 1"
"591",NA,NA,"Christian Bekamenga","Troyes","Stade Laval",0.255,"Ligue 1"
"592",NA,NA,"Fabien Camus","Troyes","KRC Genk",0,"Ligue 1"
"593",NA,NA,"Johan Martial","Troyes","Stade Brest 29",0,"Ligue 1"
"594",NA,NA,"Lossémy Karaboué","Troyes","AS Nancy",0,"Ligue 1"
"595",NA,NA,"Charles Traoré","Troyes","FC Nantes B",0,"Ligue 1"
"596",NA,NA,"Pavel Kaderábek","TSG Hoffenheim","Sparta Praha",2.98,"Bundesliga"
"597",NA,NA,"Jonathan Schmid","TSG Hoffenheim","SC Freiburg",3.15,"Bundesliga"
"598",NA,NA,"Fabian Schär","TSG Hoffenheim","FC Basel",3.4,"Bundesliga"
"599",NA,NA,"Eduardo Vargas","TSG Hoffenheim","SSC Napoli",5.1,"Bundesliga"
"600",NA,NA,"Felipe Pires","TSG Hoffenheim","RB Salzburg",0.85,"Bundesliga"
"601",NA,NA,"Mark Uth","TSG Hoffenheim","SC Heerenveen",1.87,"Bundesliga"
"602",NA,NA,"Joelinton","TSG Hoffenheim","Sport",1.87,"Bundesliga"
"603",NA,NA,"Antonio Colak","TSG Hoffenheim","1.FC Nuremberg",0.425,"Bundesliga"
"604",NA,NA,"Kevin Kuranyi","TSG Hoffenheim","Dinamo Moscow",0,"Bundesliga"
"605",NA,NA,"Javier Garrido","UD Las Palmas","Norwich",0,"La Liga"
"606",NA,NA,"Antolín Alcaraz","UD Las Palmas","Everton",0,"La Liga"
"607",NA,NA,"Ángel Montoro","UD Las Palmas","UD Almería",0,"La Liga"
"608",NA,NA,"Alfredo Ortuño","UD Las Palmas","Granada CF",0.85,"La Liga"
"609",NA,NA,"Jonathan Viera","UD Las Palmas","Standard Liège",0.765,"La Liga"
"610",NA,NA,"Sergio Araujo","UD Las Palmas","Boca Juniors",2.13,"La Liga"
"611",NA,NA,"Nabil El Zhar","UD Las Palmas","Levante UD",0,"La Liga"
"612",NA,NA,"Pedro Bigas","UD Las Palmas","RCD Mallorca",0,"La Liga"
"613",NA,NA,"Marquinho","Udinese Calcio","AS Roma",0.425,"Serie A"
"614",NA,NA,"Manuel Iturra","Udinese Calcio","Granada CF",0,"Serie A"
"615",NA,NA,"Emil Hallfredsson","Udinese Calcio","Hellas Verona",0.85,"Serie A"
"616",NA,NA,"Iván Piris","Udinese Calcio","Maldonado",2.98,"Serie A"
"617",NA,NA,"Emanuel Insúa","Udinese Calcio","Granada CF",0,"Serie A"
"618",NA,NA,"Adalberto Peñaranda","Udinese Calcio","Dep. La Guaira",0.655,"Serie A"
"619",NA,NA,"Felipe","Udinese Calcio","Inter",0,"Serie A"
"620",NA,NA,"Gaspar Íñiguez","Udinese Calcio","Granada CF",1.02,"Serie A"
"621",NA,NA,"Ryder Matos","Udinese Calcio","Fiorentina",2.55,"Serie A"
"622",NA,NA,"Andrija Balic","Udinese Calcio","Hajduk Split",2.55,"Serie A"
"623",NA,NA,"Samir","Udinese Calcio","Flamengo",3.4,"Serie A"
"624",NA,NA,"Ali Adnan","Udinese Calcio","Rizespor",1.87,"Serie A"
"625",NA,NA,"Abdelhamid El Kaoutari","US Palermo","Montpellier",1.7,"Serie A"
"626",NA,NA,"Norbert Balogh","US Palermo","Debreceni VSC",1.87,"Serie A"
"627",NA,NA,"Aleksandar Trajkovski","US Palermo","Zulte Waregem",0.765,"Serie A"
"628",NA,NA,"Edoardo Goldaniga","US Palermo","Juventus",1.7,"Serie A"
"629",NA,NA,"Oscar Hiljemark","US Palermo","PSV Eindhoven",2.13,"Serie A"
"630",NA,NA,"Matheus Cassini","US Palermo","Corinthians",1.02,"Serie A"
"631",NA,NA,"Ahmad Benali","US Palermo","Brescia",0,"Serie A"
"632",NA,NA,"Andrea Rispoli","US Palermo","Parma",0,"Serie A"
"633",NA,NA,"Manuel Arteaga","US Palermo","Zulia FC",0.68,"Serie A"
"634",NA,NA,"Thiago Cionek","US Palermo","Modena FC",0.298,"Serie A"
"635",NA,NA,"Alberto Gilardino","US Palermo","GZ Evergrande",0,"Serie A"
"636",NA,NA,"Uros Djurdjevic","US Palermo","Vitesse",0,"Serie A"
"637",NA,NA,"Nicolas Viola","US Palermo","Ternana",0,"Serie A"
"638",NA,NA,"Aymen Abdennour","Valencia CF","Monaco",18.57,"La Liga"
"639",NA,NA,"André Gomes","Valencia CF","Benfica",17,"La Liga"
"640",NA,NA,"Álvaro Negredo","Valencia CF","Manchester City",23.8,"La Liga"
"641",NA,NA,"Santi Mina","Valencia CF","Celta de Vigo",8.5,"La Liga"
"642",NA,NA,"João Cancelo","Valencia CF","Benfica",12.75,"La Liga"
"643",NA,NA,"Zakaria Bakkali","Valencia CF","PSV U21",0,"La Liga"
"644",NA,NA,"Aderlan Santos","Valencia CF","Braga",8.08,"La Liga"
"645",NA,NA,"Lukas Rupp","VfB Stuttgart","SC Paderborn",0,"Bundesliga"
"646",NA,NA,"Philip Heise","VfB Stuttgart","1.FC Heidenheim",0.638,"Bundesliga"
"647",NA,NA,"Kevin Großkreutz","VfB Stuttgart","Galatasaray",1.85,"Bundesliga"
"648",NA,NA,"Joshua Kimmich","VfB Stuttgart","RB Leipzig",1.28,"Bundesliga"
"649",NA,NA,"Emiliano Insúa","VfB Stuttgart","Atlético Madrid",0,"Bundesliga"
"650",NA,NA,"Toni Sunjic","VfB Stuttgart","Kuban Krasnodar",2.55,"Bundesliga"
"651",NA,NA,"Jan Kliment","VfB Stuttgart","FC Vysocina",0.85,"Bundesliga"
"652",NA,NA,"Julian Draxler","VfL Wolfsburg","FC Schalke 04",28.9,"Bundesliga"
"653",NA,NA,"Bruno Henrique","VfL Wolfsburg","Goiás EC",3.83,"Bundesliga"
"654",NA,NA,"Max Kruse","VfL Wolfsburg","Bor. M'gladbach",10.2,"Bundesliga"
"655",NA,NA,"Carlos Ascues","VfL Wolfsburg","FBC Melgar",1.28,"Bundesliga"
"656",NA,NA,"Francisco Rodríguez","VfL Wolfsburg","FC Zürich",1.02,"Bundesliga"
"657",NA,NA,"Dante","VfL Wolfsburg","Bayern Munich ",3.83,"Bundesliga"
"658",NA,NA,"Ismail Azzaoui","VfL Wolfsburg","Tottenham U21",0.85,"Bundesliga"
"659",NA,NA,"Cédric Bakambu","Villarreal CF","Bursaspor",6.38,"La Liga"
"660",NA,NA,"Samu García","Villarreal CF","Málaga CF",6.8,"La Liga"
"661",NA,NA,"Samu Castillejo","Villarreal CF","Málaga CF",6.8,"La Liga"
"662",NA,NA,"Daniele Bonera","Villarreal CF","AC Milan",0,"La Liga"
"663",NA,NA,"Denis Suárez","Villarreal CF","FC Barcelona",3.4,"La Liga"
"664",NA,NA,"Víctor Ruiz","Villarreal CF","Valencia CF",2.3,"La Liga"
"665",NA,NA,"Adalberto Peñaranda","Watford","Udinese Calcio",9.01,"Premier league"
"666",NA,NA,"Abdoulaye Doucouré","Watford","Rennes",9.01,"Premier league"
"667",NA,NA,"Étienne Capoue","Watford","Spurs",7.57,"Premier league"
"668",NA,NA,"José Manuel Jurado","Watford","Spartak Moscow",7.31,"Premier league"
"669",NA,NA,"Matej Vydra","Watford","Udinese Calcio",7.14,"Premier league"
"670",NA,NA,"Nordin Amrabat","Watford","Málaga CF",7.14,"Premier league"
"671",NA,NA,"Obbi Oulare","Watford","Club Brugge",7,"Premier league"
"672",NA,NA,"Steven Berghuis","Watford","AZ Alkmaar",5.53,"Premier league"
"673",NA,NA,"Mario Suárez","Watford","Fiorentina",4.51,"Premier league"
"674",NA,NA,"Valon Behrami","Watford","Hamburger SV",2.98,"Premier league"
"675",NA,NA,"José Holebas","Watford","AS Roma",2.13,"Premier league"
"676",NA,NA,"Miguel Britos","Watford","SSC Napoli",0,"Premier league"
"677",NA,NA,"Sebastian Prödl","Watford","Werder Bremen",0,"Premier league"
"678",NA,NA,"Allan Nyom","Watford","Udinese Calcio",0,"Premier league"
"679",NA,NA,"Adlène Guédioura","Watford","Crystal Palace",0,"Premier league"
"680",NA,NA,"Milos Veljkovic","Werder Bremen","Spurs",0.281,"Bundesliga"
"681",NA,NA,"László Kleinheisler","Werder Bremen","Videoton FC",0.213,"Bundesliga"
"682",NA,NA,"Anthony Ujah","Werder Bremen","1. FC Köln",3.83,"Bundesliga"
"683",NA,NA,"Aron Jóhannsson","Werder Bremen","AZ Alkmaar",3.57,"Bundesliga"
"684",NA,NA,"Sambou Yatabaré","Werder Bremen","Olympiacos",2.13,"Bundesliga"
"685",NA,NA,"Ulisses  Garcia","Werder Bremen","Grasshoppers",0.51,"Bundesliga"
"686",NA,NA,"José Salomón Rondón","West Brom","Zenit S-Pb",14.45,"Premier league"
"687",NA,NA,"Rickie Lambert","West Brom","Liverpool",3.57,"Premier league"
"688",NA,NA,"Jonny Evans","West Brom","Manchester Utd.",7.06,"Premier league"
"689",NA,NA,"James McClean","West Brom","Wigan",1.79,"Premier league"
"690",NA,NA,"James Chester","West Brom","Hull City",9.61,"Premier league"
"691",NA,NA,"Dimitri Payet","West Ham","Marseille",12.75,"Premier league"
"692",NA,NA,"Angelo Ogbonna","West Ham","Juventus",9.35,"Premier league"
"693",NA,NA,"Nikica Jelavic","West Ham","Hull City",3.49,"Premier league"
"694",NA,NA,"Michail Antonio","West Ham","Nottm Forest",8.08,"Premier league"
"695",NA,NA,"Pedro Obiang","West Ham","Sampdoria",5.1,"Premier league"
"696",NA,NA,"Sam Byram","West Ham","Leeds",4.08,"Premier league"
"697",NA,NA,"Dominique Heintz","1. FC Köln","1.FC K'lautern",1.28,"Bundesliga"
"698",NA,NA,"Frederik Sörensen","1. FC Köln","Juventus",1.36,"Bundesliga"
"699",NA,NA,"Anthony Modeste","1. FC Köln","TSG Hoffenheim",3.83,"Bundesliga"
"700",NA,NA,"Leonardo Bittencourt","1. FC Köln","Hannover 96",2.13,"Bundesliga"
"701",NA,NA,"Filip Mladenovic","1. FC Köln","BATE Borisov",1.28,"Bundesliga"
"702",NA,NA,"Milos Jojic","1. FC Köln","Bor. Dortmund",2.55,"Bundesliga"
"703",NA,NA,"Besar Halimi","1.FSV Mainz 05","Stuttg. Kickers",0.298,"Bundesliga"
"704",NA,NA,"Yoshinori Muto","1.FSV Mainz 05","FC Tokyo",2.38,"Bundesliga"
"705",NA,NA,"Emil Berggreen","1.FSV Mainz 05","E. Braunschweig",2.13,"Bundesliga"
"706",NA,NA,"Danny Latza","1.FSV Mainz 05","VfL Bochum",0,"Bundesliga"
"707",NA,NA,"Fabian Frei","1.FSV Mainz 05","FC Basel",3.06,"Bundesliga"
"708",NA,NA,"Giulio Donati","1.FSV Mainz 05","Bay. Leverkusen",0.85,"Bundesliga"
"709",NA,NA,"Gaëtan Bussmann","1.FSV Mainz 05","FC Metz",0.85,"Bundesliga"
"710",NA,NA,"Florian Niederlechner","1.FSV Mainz 05","1.FC Heidenheim",1.7,"Bundesliga"
"711",NA,NA,"Maximilian Beister","1.FSV Mainz 05","Hamburger SV",0,"Bundesliga"
"712",NA,NA,"Karim Onisiwo","1.FSV Mainz 05","SV Mattersburg",0,"Bundesliga"
"713",NA,NA,"Leon Balogun","1.FSV Mainz 05","SV Darmstadt 98",0,"Bundesliga"
"714",NA,NA,"Henrique Sereno","1.FSV Mainz 05","Kayserispor",0,"Bundesliga"
"715",NA,NA,"Carlos Bacca","AC Milan","Sevilla FC",25.5,"Serie A"
"716",NA,NA,"Alessio Romagnoli","AC Milan","AS Roma",21.25,"Serie A"
"717",NA,NA,"Andrea Bertolacci","AC Milan","AS Roma",17,"Serie A"
"718",NA,NA,"Juraj Kucka","AC Milan","Genoa",2.55,"Serie A"
"719",NA,NA,"Simone Verdi","AC Milan","Torino",0.383,"Serie A"
"720",NA,NA,"Luiz Adriano","AC Milan","Shakhtar D.",6.8,"Serie A"
"721",NA,NA,"Luca Antonelli","AC Milan","Genoa",3.83,"Serie A"
"722",NA,NA,"Matteo Pessina","AC Milan","Monza",0.017,"Serie A"
"723",NA,NA,"Rodrigo Ely","AC Milan","Avellino",0,"Serie A"
"724",NA,NA,"José Mauri","AC Milan","Parma",0,"Serie A"
"725",NA,NA,"Ismaël Bennacer","Arsenal","AC Arles-Avign.",0.255,"Premier league"
"726",NA,NA,"Mohamed Elneny","Arsenal","FC Basel",10.63,"Premier league"
"727",NA,NA,"Jeff Reine-Adelaide","Arsenal","RC Lens U19",2.13,"Premier league"
"728",NA,NA,"Leandro Paredes","AS Roma","Boca Juniors",5.1,"Serie A"
"729",NA,NA,"Ezequiel Ponce","AS Roma","Newell's",3.57,"Serie A"
"730",NA,NA,"Ismail H'Maidat","AS Roma","Brescia",2.68,"Serie A"
"731",NA,NA,"Matteo Politano","AS Roma","Pescara",0.51,"Serie A"
"732",NA,NA,"Nemanja Radonjic","AS Roma","Empoli U19",3.4,"Serie A"
"733",NA,NA,"Iago Falqué","AS Roma","Genoa",5.95,"Serie A"
"734",NA,NA,"Andrea Bertolacci","AS Roma","Genoa",7.23,"Serie A"
"735",NA,NA,"Nicola Falasco","AS Roma","Pistoiese",0.17,"Serie A"
"736",NA,NA,"Tiago Casasola","AS Roma","Fulham FC",0,"Serie A"
"737",NA,NA,"Rudy Gestede","Aston Villa","Blackburn",7.23,"Premier league"
"738",NA,NA,"Adama Traoré","Aston Villa","FC Barcelona",8.5,"Premier league"
"739",NA,NA,"Scott Sinclair","Aston Villa","Manchester City",2.98,"Premier league"
"740",NA,NA,"Idrissa Gueye","Aston Villa","LOSC Lille",7.65,"Premier league"
"741",NA,NA,"Adama Traoré","Aston Villa","FC Barcelona",8.5,"Premier league"
"742",NA,NA,"Micah Richards","Aston Villa","Manchester City",0,"Premier league"
"743",NA,NA,"Jordan Veretout","Aston Villa","FC Nantes",8.5,"Premier league"
"744",NA,NA,"Joleon Lescott","Aston Villa","West Brom",1.19,"Premier league"
"745",NA,NA,"José Crespo","Aston Villa","Córdoba CF",0.595,"Premier league"
"746",NA,NA,"Jordan Ayew","Aston Villa","FC Lorient",10.2,"Premier league"
"747",NA,NA,"Jordan Amavi","Aston Villa","OGC Nice",9.35,"Premier league"
"748",NA,NA,"Marco Borriello","Atalanta","Carpi",0,"Serie A"
"749",NA,NA,"Marcos De Paula","Atalanta","Chievo Verona",0,"Serie A"
"750",NA,NA,"Berat Djimsiti","Atalanta","FC Zürich",0,"Serie A"
"751",NA,NA,"Jasmin Kurtic","Atalanta","Sassuolo",2.98,"Serie A"
"752",NA,NA,"Marten de Roon","Atalanta","SC Heerenveen",1.11,"Serie A"
"753",NA,NA,"Rafael Tolói","Atalanta","São Paulo",2.98,"Serie A"
"754",NA,NA,"Mauricio Pinilla","Atalanta","Genoa",1.7,"Serie A"
"755",NA,NA,"Remo Freuler","Atalanta","FC Luzern",1.28,"Serie A"
"756",NA,NA,"Franck Kessié","Atalanta","Stella Club",0.255,"Serie A"
"757",NA,NA,"Andrea Petagna","Atalanta","AC Milan",0.85,"Serie A"
"758",NA,NA,"Luca Valzania","Atalanta","AC Cesena",0.765,"Serie A"
"759",NA,NA,"Gaetano Monachello","Atalanta","Monaco",0.425,"Serie A"
"760",NA,NA,"Eneko Bóveda","Athletic Bilbao","SD Eibar",0,"La Liga"
"761",NA,NA,"Raúl García","Athletic Bilbao","Atlético Madrid",6.8,"La Liga"
"762",NA,NA,"Javi Eraso","Athletic Bilbao","CD Leganés",0,"La Liga"
"763",NA,NA,"Gorka Elustondo","Athletic Bilbao","Real Sociedad",0,"La Liga"
"764",NA,NA,"Bernard Mensah","Atlético Madrid","Vit. Guimarães",5.1,"La Liga"
"765",NA,NA,"Augusto Fernández","Atlético Madrid","Celta de Vigo",3.4,"La Liga"
"766",NA,NA,"Santos Borré","Atlético Madrid","Deportivo Cali",2.34,"La Liga"
"767",NA,NA,"Jackson Martínez","Atlético Madrid","FC Porto",31.54,"La Liga"
"768",NA,NA,"Filipe Luís","Atlético Madrid","Chelsea",13.6,"La Liga"
"769",NA,NA,"Stefan Savic","Atlético Madrid","Fiorentina",21.25,"La Liga"
"770",NA,NA,"Luciano Vietto","Atlético Madrid","Villarreal CF",17,"La Liga"
"771",NA,NA,"Yannick Carrasco","Atlético Madrid","Monaco",14.67,"La Liga"
"772",NA,NA,"Matías Kranevitter","Atlético Madrid","River Plate",6.8,"La Liga"
"773",NA,NA,"Chicharito","Bay. Leverkusen","Manchester Utd.",10.2,"Bundesliga"
"774",NA,NA,"Kevin Kampl","Bay. Leverkusen","Bor. Dortmund",9.35,"Bundesliga"
"775",NA,NA,"Charles Aránguiz","Bay. Leverkusen","Internacional",11.05,"Bundesliga"
"776",NA,NA,"Jonathan Tah","Bay. Leverkusen","Hamburger SV",6.38,"Bundesliga"
"777",NA,NA,"Admir Mehmedi","Bay. Leverkusen","SC Freiburg",6.8,"Bundesliga"
"778",NA,NA,"André Ramalho","Bay. Leverkusen","RB Salzburg",0,"Bundesliga"
"779",NA,NA,"Kyriakos Papadopoulos","Bay. Leverkusen","FC Schalke 04",5.53,"Bundesliga"
"780",NA,NA,"Douglas Costa","Bayern Munich ","Shakhtar D.",25.5,"Bundesliga"
"781",NA,NA,"Joshua Kimmich","Bayern Munich ","VfB Stuttgart",7.23,"Bundesliga"
"782",NA,NA,"Arturo Vidal","Bayern Munich ","Juventus",31.45,"Bundesliga"
"783",NA,NA,"Matteo Brighi","Bologna","Sassuolo",0,"Serie A"
"784",NA,NA,"Mattia Destro","Bologna","AS Roma",7.23,"Serie A"
"785",NA,NA,"Ibrahima Mbaye","Bologna","Inter",2.98,"Serie A"
"786",NA,NA,"Luca Rossettini","Bologna","Cagliari Calcio",2.13,"Serie A"
"787",NA,NA,"Erick Pulgar","Bologna","CDUC",1.94,"Serie A"
"788",NA,NA,"Anthony Mounier","Bologna","Montpellier",1.7,"Serie A"
"789",NA,NA,"Filippo Falco","Bologna","Lecce",1.02,"Serie A"
"790",NA,NA,"Marco Crimi","Bologna","Latina Calcio",0.85,"Serie A"
"791",NA,NA,"Amadou Diawara","Bologna","San Marino C.",0.51,"Serie A"
"792",NA,NA,"Sergio Floccari","Bologna","Sassuolo",0.425,"Serie A"
"793",NA,NA,"Emil Krafth","Bologna","Helsingborgs IF",0.425,"Serie A"
"794",NA,NA,"Franco Brienza","Bologna","AC Cesena",0,"Serie A"
"795",NA,NA,"Gonzalo Castro","Bor. Dortmund","Bay. Leverkusen",9.35,"Bundesliga"
"796",NA,NA,"Joo-Ho Park","Bor. Dortmund","1.FSV Mainz 05",2.55,"Bundesliga"
"797",NA,NA,"Julian Weigl","Bor. Dortmund","1860 Munich",2.13,"Bundesliga"
"798",NA,NA,"Lars Stindl","Bor. M'gladbach","Hannover 96",2.55,"Bundesliga"
"799",NA,NA,"Nico Schulz","Bor. M'gladbach","Hertha BSC",3.4,"Bundesliga"
"800",NA,NA,"Nico Elvedi","Bor. M'gladbach","FC Zürich",3.4,"Bundesliga"
"801",NA,NA,"Jonas Hofmann","Bor. M'gladbach","Bor. Dortmund",6.8,"Bundesliga"
"802",NA,NA,"Thorgan Hazard","Bor. M'gladbach","Chelsea",6.8,"Bundesliga"
"803",NA,NA,"Josip Drmic","Bor. M'gladbach","Bay. Leverkusen",8.5,"Bundesliga"
"804",NA,NA,"Rhoys Wiggins","Bournemouth","Sheff Wed",0.221,"Premier league"
"805",NA,NA,"Joshua King","Bournemouth","Blackburn",0,"Premier league"
"806",NA,NA,"Sylvain Distin","Bournemouth","Everton",0,"Premier league"
"807",NA,NA,"Glenn Murray","Bournemouth","Crystal Palace",4.59,"Premier league"
"808",NA,NA,"Lee Tomlin","Bournemouth","Middlesbrough",3.66,"Premier league"
"809",NA,NA,"Benik Afobe","Bournemouth","Wolves",11.31,"Premier league"
"810",NA,NA,"Tyrone Mings","Bournemouth","Ipswich",9.61,"Premier league"
"811",NA,NA,"Max Gradel","Bournemouth","Saint-Étienne",8.5,"Premier league"
"812",NA,NA,"Lewis Grabban","Bournemouth","Norwich",7.95,"Premier league"
"813",NA,NA,"Nicolás Spolli","Carpi","Catania",0,"Serie A"
"814",NA,NA,"Cristian Zaccardo","Carpi","AC Milan",0,"Serie A"
"815",NA,NA,"Andrea Lazzari","Carpi","Fiorentina",0,"Serie A"
"816",NA,NA,"Ryan Hiwat","Carpi","PSV U19",0,"Serie A"
"817",NA,NA,"Kamil Wilczek","Carpi","Piast Gliwice",0,"Serie A"
"818",NA,NA,"Raphael Martinho","Carpi","Catania",0,"Serie A"
"819",NA,NA,"Fabio Daprelà","Carpi","US Palermo",0,"Serie A"
"820",NA,NA,"Iago Aspas","Celta de Vigo","Sevilla FC",4.51,"La Liga"
"821",NA,NA,"Marcelo Díaz","Celta de Vigo","Hamburger SV",1.53,"La Liga"
"822",NA,NA,"Claudio Beauvue","Celta de Vigo","Olympique Lyon",4.25,"La Liga"
"823",NA,NA,"Daniel Wass","Celta de Vigo","Évian",2.55,"La Liga"
"824",NA,NA,"Dejan Drazic","Celta de Vigo","OFK Beograd",1.02,"La Liga"
"825",NA,NA,"John Guidetti","Celta de Vigo","Manchester City",0,"La Liga"
"826",NA,NA,"Pedro","Chelsea","FC Barcelona",22.95,"Premier league"
"827",NA,NA,"Michael Hector","Chelsea","Reading",4.59,"Premier league"
"828",NA,NA,"Matt Miazga","Chelsea","NY Red Bulls",3.91,"Premier league"
"829",NA,NA,"Kenedy","Chelsea","Fluminense",6.8,"Premier league"
"830",NA,NA,"Danilo Pantic","Chelsea","Partizan",0,"Premier league"
"831",NA,NA,"Abdul Rahman Baba","Chelsea","FC Augsburg",17,"Premier league"
"832",NA,NA,"Papy Djilobodji","Chelsea","FC Nantes",2.98,"Premier league"
"833",NA,NA,"Nathan","Chelsea","Atlético-PR",3.4,"Premier league"
"834",NA,NA,"Lucas Castro","Chievo Verona","Catania",2.98,"Serie A"
"835",NA,NA,"Valter Birsa","Chievo Verona","AC Milan",1.28,"Serie A"
"836",NA,NA,"Nicolás Spolli","Chievo Verona","Carpi",0,"Serie A"
"837",NA,NA,"Giampiero Pinzi","Chievo Verona","Udinese Calcio",0,"Serie A"
"838",NA,NA,"Filippo Di Maio","Chievo Verona","Catania U19",0,"Serie A"
"839",NA,NA,"Nikola Ninkovic","Chievo Verona","Partizan",0.468,"Serie A"
"840",NA,NA,"Ervin Zukanovic","Chievo Verona","KAA Gent",0.85,"Serie A"
"841",NA,NA,"Simone Pepe","Chievo Verona","Juventus",0,"Serie A"
"842",NA,NA,"Isaac Ntow","Chievo Verona","Brescia",0,"Serie A"
"843",NA,NA,"Marco Calderoni","Chievo Verona","Bari",0.085,"Serie A"
"844",NA,NA,"Massimo Gobbi","Chievo Verona","Parma",0,"Serie A"
"845",NA,NA,"Yohan Cabaye","Crystal Palace","Paris SG",11.82,"Premier league"
"846",NA,NA,"Connor Wickham","Crystal Palace","Sunderland",8.5,"Premier league"
"847",NA,NA,"Bakary Sako","Crystal Palace","Wolves",0,"Premier league"
"848",NA,NA,"Jonás Gutiérrez","Dep. La Coruña","Newcastle",0,"La Liga"
"849",NA,NA,"Fernando Navarro","Dep. La Coruña","Sevilla FC",0,"La Liga"
"850",NA,NA,"Pedro Mosquera","Dep. La Coruña","Elche CF",0,"La Liga"
"851",NA,NA,"Lucas","Dep. La Coruña","PAOK Saloniki",1.28,"La Liga"
"852",NA,NA,"Cani","Dep. La Coruña","Villarreal CF",0,"La Liga"
"853",NA,NA,"Szabolcs Huszti","E. Frankfurt","CC Yatai",0.213,"Bundesliga"
"854",NA,NA,"David Abraham","E. Frankfurt","TSG Hoffenheim",1.28,"Bundesliga"
"855",NA,NA,"Stefan Reinartz","E. Frankfurt","Bay. Leverkusen",0,"Bundesliga"
"856",NA,NA,"Änis Ben-Hatira","E. Frankfurt","Hertha BSC",0,"Bundesliga"
"857",NA,NA,"Luc Castaignos","E. Frankfurt","FC Twente",2.13,"Bundesliga"
"858",NA,NA,"Yanni Regäsel","E. Frankfurt","Hertha BSC",0.102,"Bundesliga"
"859",NA,NA,"Mijat Gacinovic","E. Frankfurt","Vojvodina",1.02,"Bundesliga"
"860",NA,NA,"Marco Fabián","E. Frankfurt","Guadalajara",3.15,"Bundesliga"
"861",NA,NA,"Gerard Moreno","Espanyol","Villarreal CF",1.28,"La Liga"
"862",NA,NA,"Óscar Duarte","Espanyol","Club Brugge",0.978,"La Liga"
"863",NA,NA,"Lucas Vázquez","Espanyol","R. M. Castilla",0.425,"La Liga"
"864",NA,NA,"Mickael Ciani","Espanyol","Sporting CP",0,"La Liga"
"865",NA,NA,"Papakouli Diop","Espanyol","Levante UD",0,"La Liga"
"866",NA,NA,"David Henen","Everton","Olympiacos",0.238,"Premier league"
"867",NA,NA,"Ramiro Funes Mori","Everton","River Plate",10.97,"Premier league"
"868",NA,NA,"Shani Tarashaj","Everton","Grasshoppers",3.4,"Premier league"
"869",NA,NA,"Tom Cleverley","Everton","Manchester Utd.",0,"Premier league"
"870",NA,NA,"Oumar Niasse","Everton","Loko Moscow",15.22,"Premier league"
"871",NA,NA,"Aaron Lennon","Everton","Spurs",5.1,"Premier league"
"872",NA,NA,"Leandro Rodríguez","Everton","River Plate",0.595,"Premier league"
"873",NA,NA,"Gerard Deulofeu","Everton","FC Barcelona",5.1,"Premier league"
"874",NA,NA,"Daniel Opare","FC Augsburg","FC Porto",0,"Bundesliga"
"875",NA,NA,"Dominik Kohr","FC Augsburg","Bay. Leverkusen",1.19,"Bundesliga"
"876",NA,NA,"Konstantinos Stafylidis","FC Augsburg","Bay. Leverkusen",2.13,"Bundesliga"
"877",NA,NA,"Piotr Trochowski","FC Augsburg","Sevilla FC",0,"Bundesliga"
"878",NA,NA,"Philipp Max","FC Augsburg","Karlsruher SC",3.23,"Bundesliga"
"879",NA,NA,"Albian Ajeti","FC Augsburg","FC Basel",0.85,"Bundesliga"
"880",NA,NA,"Ja-Cheol Koo","FC Augsburg","1.FSV Mainz 05",4.25,"Bundesliga"
"881",NA,NA,"Jeffrey Gouweleeuw","FC Augsburg","AZ Alkmaar",2.55,"Bundesliga"
"882",NA,NA,"Aleix Vidal","FC Barcelona","Sevilla FC",14.45,"La Liga"
"883",NA,NA,"Arda Turan","FC Barcelona","Atlético Madrid",28.9,"La Liga"
"884",NA,NA,"Luca Bittante","FC Empoli","Fiorentina",0.68,"Serie A"
"885",NA,NA,"Riccardo Saponara","FC Empoli","AC Milan",3.4,"Serie A"
"886",NA,NA,"Kastriot Dermaku","FC Empoli","AS Melfi",0,"Serie A"
"887",NA,NA,"Michele Camporese","FC Empoli","Fiorentina",0.425,"Serie A"
"888",NA,NA,"Marco Zambelli","FC Empoli","Brescia",0,"Serie A"
"889",NA,NA,"Rade Krunic","FC Empoli","Borac Cacak",0,"Serie A"
"890",NA,NA,"Andrea Costa","FC Empoli","Parma",0,"Serie A"
"891",NA,NA,"Darío Lezcano","FC Ingolstadt","FC Luzern",2.13,"Bundesliga"
"892",NA,NA,"Elias Kachunga","FC Ingolstadt","SC Paderborn",1.28,"Bundesliga"
"893",NA,NA,"Markus Suttner","FC Ingolstadt","Austria Vienna",0.595,"Bundesliga"
"894",NA,NA,"Maurice Multhaup","FC Ingolstadt","FC Schalke 04",0.425,"Bundesliga"
"895",NA,NA,"Romain Brégerie","FC Ingolstadt","SV Darmstadt 98",0,"Bundesliga"
"896",NA,NA,"Pape Paye","FC Lorient","Dijon",0,"Ligue 1"
"897",NA,NA,"Jimmy Cabot","FC Lorient","Troyes",1.53,"Ligue 1"
"898",NA,NA,"Benjamin Moukandjo","FC Lorient","Reims",1.28,"Ligue 1"
"899",NA,NA,"Moryké Fofana","FC Lorient","Lilleström SK",0.34,"Ligue 1"
"900",NA,NA,"Waris Majeed","FC Lorient","Trabzonspor",3.83,"Ligue 1"
"901",NA,NA,"Zargo Touré","FC Lorient","AC Le Havre",1.28,"Ligue 1"
"902",NA,NA,"Kolbeinn Sigthórsson","FC Nantes","AFC Ajax",2.55,"Ligue 1"
"903",NA,NA,"Guillaume Gillet","FC Nantes","RSC Anderlecht",1.7,"Ligue 1"
"904",NA,NA,"Emiliano Sala","FC Nantes","G. Bordeaux",0.85,"Ligue 1"
"905",NA,NA,"Adrien Thomasson","FC Nantes","Évian",0.68,"Ligue 1"
"906",NA,NA,"Lorik Cana","FC Nantes","Lazio",0.17,"Ligue 1"
"907",NA,NA,"Wilfried Moimbé","FC Nantes","Stade Brest 29",0,"Ligue 1"
"908",NA,NA,"Alessandro Schöpf","FC Schalke 04","1.FC Nuremberg",4.25,"Bundesliga"
"909",NA,NA,"Matija Nastasic","FC Schalke 04","Manchester City",8.08,"Bundesliga"
"910",NA,NA,"Franco Di Santo","FC Schalke 04","Werder Bremen",5.1,"Bundesliga"
"911",NA,NA,"Johannes Geis","FC Schalke 04","1.FSV Mainz 05",10.2,"Bundesliga"
"912",NA,NA,"Júnior Caiçara","FC Schalke 04","Ludogorets",3.83,"Bundesliga"
"913",NA,NA,"Sascha Riether","FC Schalke 04","SC Freiburg",0,"Bundesliga"
"914",NA,NA,"Mario Suárez","Fiorentina","Atlético Madrid",12.75,"Serie A"
"915",NA,NA,"Nikola Kalinic","Fiorentina","Dnipro",4.68,"Serie A"
"916",NA,NA,"Jaime Báez","Fiorentina","Juventud",1.96,"Serie A"
"917",NA,NA,"Joan Verdú","Fiorentina","Baniyas SC",0,"Serie A"
"918",NA,NA,"Mauro Zárate","Fiorentina","West Ham",1.79,"Serie A"
"919",NA,NA,"Andrés Schetino","Fiorentina","CA Fénix",2.98,"Serie A"
"920",NA,NA,"Luca Bittante","Fiorentina","Avellino",0.425,"Serie A"
"921",NA,NA,"Gilberto","Fiorentina","Botafogo",1.7,"Serie A"
"922",NA,NA,"Oliver Kragl","Frosinone","SV  Ried",0.34,"Serie A"
"923",NA,NA,"Aleksandar Tonev","Frosinone","Aston Villa",0,"Serie A"
"924",NA,NA,"Modibo Diakité","Frosinone","Cagliari Calcio",0,"Serie A"
"925",NA,NA,"Issiar Dia","G. Ajaccio","Lekhwiya",0,"Ligue 1"
"926",NA,NA,"Jacques Zoua","G. Ajaccio","Hamburger SV",0,"Ligue 1"
"927",NA,NA,"Alassane Touré","G. Ajaccio","FC Tours",0,"Ligue 1"
"928",NA,NA,"Amine Chermiti","G. Ajaccio","FC Zürich",0,"Ligue 1"
"929",NA,NA,"Damjan Djokovic","G. Ajaccio","Bologna",0,"Ligue 1"
"930",NA,NA,"Mauro Arambarri","G. Bordeaux","Defensor",2.55,"Ligue 1"
"931",NA,NA,"Pablo","G. Bordeaux","Ponte Preta",1.7,"Ligue 1"
"932",NA,NA,"Milan Gajic","G. Bordeaux","OFK Beograd",0.85,"Ligue 1"
"933",NA,NA,"Malcom","G. Bordeaux","Corinthians",4.25,"Ligue 1"
"934",NA,NA,"Goran Pandev","Genoa","Galatasaray",0,"Serie A"
"935",NA,NA,"Ezequiel Muñoz","Genoa","US Palermo",0,"Serie A"
"936",NA,NA,"Manuel Milinkovic","Genoa","Salernitana",0,"Serie A"
"937",NA,NA,"Darko Lazovic","Genoa","Red Star",0,"Serie A"
"938",NA,NA,"Leonardo Pavoletti","Genoa","Sassuolo",2.55,"Serie A"
"939",NA,NA,"Riccardo Fiamozzi","Genoa","Pescara",1.28,"Serie A"
"940",NA,NA,"Diego Capel","Genoa","Sporting CP",1.11,"Serie A"
"941",NA,NA,"Serge Gakpé","Genoa","FC Nantes",0,"Serie A"
"942",NA,NA,"Luca Rigoni","Genoa","US Palermo",0.425,"Serie A"
"943",NA,NA,"Issa Cissokho","Genoa","FC Nantes",0.425,"Serie A"
"944",NA,NA,"Henok Goitom","Getafe CF","AIK Solna",0,"La Liga"
"945",NA,NA,"Cala","Getafe CF","Granada CF",0,"La Liga"
"946",NA,NA,"Damián Suárez","Getafe CF","Elche CF",0,"La Liga"
"947",NA,NA,"Rene Krhin","Granada CF","Inter",1.11,"La Liga"
"948",NA,NA,"David Barral","Granada CF","Al-Dhafra SCC",0,"La Liga"
"949",NA,NA,"Yrondu Musavu-King","Granada CF","SM Caen",0,"La Liga"
"950",NA,NA,"Ricardo Costa","Granada CF","PAOK Saloniki",0,"La Liga"
"951",NA,NA,"Gaspar Íñiguez","Granada CF","Argentinos",1.02,"La Liga"
"952",NA,NA,"Isaac Cuenca","Granada CF","Bursaspor",0,"La Liga"
"953",NA,NA,"Aridane Hernández","Granada CF","CD Eldense",0,"La Liga"
"954",NA,NA,"David Lombán","Granada CF","Elche CF",0,"La Liga"
"955",NA,NA,"Jimmy Briand","Guingamp","Hannover 96",0,"Ligue 1"
"956",NA,NA,"Nicolas Benezet","Guingamp","Évian",1.02,"Ligue 1"
"957",NA,NA,"Nill De Pauw","Guingamp","KSC Lokeren",0.638,"Ligue 1"
"958",NA,NA,"Jonathan Martins Pereira","Guingamp","Troyes",0,"Ligue 1"
"959",NA,NA,"Nabil Bahoui","Hamburger SV","Ahli",0,"Bundesliga"
"960",NA,NA,"Sven Schipplock","Hamburger SV","TSG Hoffenheim",2.13,"Bundesliga"
"961",NA,NA,"Michael Gregoritsch","Hamburger SV","VfL Bochum",2.55,"Bundesliga"
"962",NA,NA,"Batuhan Altintas","Hamburger SV","Bursaspor",0.34,"Bundesliga"
"963",NA,NA,"Gotoku Sakai","Hamburger SV","VfB Stuttgart",0.595,"Bundesliga"
"964",NA,NA,"Aaron Hunt","Hamburger SV","VfL Wolfsburg",2.55,"Bundesliga"
"965",NA,NA,"Lewis Holtby","Hamburger SV","Spurs",5.53,"Bundesliga"
"966",NA,NA,"Albin Ekdal","Hamburger SV","Cagliari Calcio",3.83,"Bundesliga"
"967",NA,NA,"Uffe Bech","Hannover 96","Nordsjaelland",1.7,"Bundesliga"
"968",NA,NA,"Felix Klaus","Hannover 96","SC Freiburg",2.55,"Bundesliga"
"969",NA,NA,"Iver Fossum","Hannover 96","Strømsgodset",1.7,"Bundesliga"
"970",NA,NA,"Mevlüt Erdinc","Hannover 96","Saint-Étienne",2.81,"Bundesliga"
"971",NA,NA,"Oliver Sorg","Hannover 96","SC Freiburg",2.98,"Bundesliga"
"972",NA,NA,"Marius Wolf","Hannover 96","1860 Munich",1.28,"Bundesliga"
"973",NA,NA,"Charlison Benschop","Hannover 96","F. Düsseldorf",1.28,"Bundesliga"
"974",NA,NA,"Hotaru Yamaguchi","Hannover 96","Cerezo Osaka",0.85,"Bundesliga"
"975",NA,NA,"Hugo Almeida","Hannover 96","Anzhi",0,"Bundesliga"
"976",NA,NA,"Leandro Greco","Hellas Verona","Genoa",0.255,"Serie A"
"977",NA,NA,"Federico Viviani","Hellas Verona","AS Roma",3.4,"Serie A"
"978",NA,NA,"Michelangelo Albertazzi","Hellas Verona","AC Milan",0,"Serie A"
"979",NA,NA,"Giampaolo Pazzini","Hellas Verona","AC Milan",0,"Serie A"
"980",NA,NA,"Mattia Valoti","Hellas Verona","UC AlbinoLeffe",0,"Serie A"
"981",NA,NA,"Filip Helander","Hellas Verona","Malmö FF",0.85,"Serie A"
"982",NA,NA,"Eros Pisano","Hellas Verona","US Palermo",0.85,"Serie A"
"983",NA,NA,"Luca Siligardi","Hellas Verona","AS Livorno",0,"Serie A"
"984",NA,NA,"Samuel Souprayen","Hellas Verona","Dijon",0,"Serie A"
"985",NA,NA,"Vladimír Darida","Hertha BSC","SC Freiburg",3.23,"Bundesliga"
"986",NA,NA,"Niklas Stark","Hertha BSC","1.FC Nuremberg",2.55,"Bundesliga"
"987",NA,NA,"Sinan Kurt","Hertha BSC","Bayern Munich ",0.425,"Bundesliga"
"988",NA,NA,"Mitchell Weiser","Hertha BSC","Bayern Munich ",0,"Bundesliga"
"989",NA,NA,"Geoffrey Kondogbia","Inter","Monaco",26.35,"Serie A"
"990",NA,NA,"Xherdan Shaqiri","Inter","Bayern Munich ",12.75,"Serie A"
"991",NA,NA,"Jeison Murillo","Inter","Granada CF",6.8,"Serie A"
"992",NA,NA,"Ivan Perisic","Inter","VfL Wolfsburg",13.6,"Serie A"
"993",NA,NA,"Felipe Melo","Inter","Galatasaray",3.15,"Serie A"
"994",NA,NA,"Davide Santon","Inter","Newcastle",3.15,"Serie A"
"995",NA,NA,"Mario Mandzukic","Juventus","Atlético Madrid",16.15,"Serie A"
"996",NA,NA,"Roberto Pereyra","Juventus","Udinese Calcio",11.9,"Serie A"
"997",NA,NA,"Simone Zaza","Juventus","Sassuolo",15.3,"Serie A"
"998",NA,NA,"Alex Sandro","Juventus","FC Porto",22.1,"Serie A"
"999",NA,NA,"Paulo Dybala","Juventus","US Palermo",27.2,"Serie A"
"1000",NA,NA,"Andrés Tello","Juventus","Envigado",1.19,"Serie A"
"1001",NA,NA,"Mame Thiam","Juventus","Virtus Lanciano",1.19,"Serie A"
"1002",NA,NA,"Hernanes","Juventus","Inter",11.05,"Serie A"
"1003",NA,NA,"Rolando Mandragora","Juventus","Genoa",5.1,"Serie A"
"1004",NA,NA,"Sami Khedira","Juventus","Real Madrid",0,"Serie A"
"1005",NA,NA,"Alberto Cerri","Juventus","Parma",0,"Serie A"
"1006",NA,NA,"Milan Bisevac","Lazio","Olympique Lyon",0,"Serie A"
"1007",NA,NA,"Dusan Basta","Lazio","Udinese Calcio",4.25,"Serie A"
"1008",NA,NA,"Wesley Hoedt","Lazio","AZ Alkmaar",0,"Serie A"
"1009",NA,NA,"Ronaldo","Lazio","FC Empoli",0,"Serie A"
"1010",NA,NA,"Ricardo Kishna","Lazio","AFC Ajax",2.55,"Serie A"
"1011",NA,NA,"Patric","Lazio","FC Barcelona B",0,"Serie A"
"1012",NA,NA,"Sergej Milinkovic-Savic","Lazio","KRC Genk",7.65,"Serie A"
"1013",NA,NA,"Maurício","Lazio","Sporting CP",2.25,"Serie A"
"1014",NA,NA,"Riccardo Serpieri","Lazio","Cosenza",0,"Serie A"
"1015",NA,NA,"Shinji Okazaki","Leicester","1.FSV Mainz 05",9.35,"Premier league"
"1016",NA,NA,"N'Golo Kanté","Leicester","SM Caen",7.65,"Premier league"
"1017",NA,NA,"Daniel Amartey","Leicester","FC Copenhagen",5.61,"Premier league"
"1018",NA,NA,"Gökhan Inler","Leicester","SSC Napoli",5.95,"Premier league"
"1019",NA,NA,"Robert Huth","Leicester","Stoke City",3.57,"Premier league"
"1020",NA,NA,"Yohan Benalouane","Leicester","Atalanta",5.95,"Premier league"
"1021",NA,NA,"Demarai Gray","Leicester","Birmingham",4.34,"Premier league"
"1022",NA,NA,"Christian Fuchs","Leicester","FC Schalke 04",0,"Premier league"
"1023",NA,NA,"Ángel Trujillo","Levante UD","UD Almería",0.85,"La Liga"
"1024",NA,NA,"Deyverson","Levante UD","Belenenses",1.53,"La Liga"
"1025",NA,NA,"Mauricio Cuero","Levante UD","CD La Equidad",2.72,"La Liga"
"1026",NA,NA,"Verza","Levante UD","UD Almería",0,"La Liga"
"1027",NA,NA,"Joan Verdú","Levante UD","Fiorentina",0,"La Liga"
"1028",NA,NA,"Carl Medjani","Levante UD","Trabzonspor",0,"La Liga"
"1029",NA,NA,"Zouhair Feddal","Levante UD","Parma",0,"La Liga"
"1030",NA,NA,"Christian Benteke","Liverpool","Aston Villa",39.53,"Premier league"
"1031",NA,NA,"Roberto Firmino","Liverpool","TSG Hoffenheim",34.85,"Premier league"
"1032",NA,NA,"Nathaniel Clyne","Liverpool","Southampton",15.05,"Premier league"
"1033",NA,NA,"Joe Gomez","Liverpool","Charlton",4.17,"Premier league"
"1034",NA,NA,"James Milner","Liverpool","Manchester City",0,"Premier league"
"1035",NA,NA,"Danny Ings","Liverpool","Burnley FC",7.06,"Premier league"
"1036",NA,NA,"Marko Grujic","Liverpool","Red Star",5.95,"Premier league"
"1037",NA,NA,"Baptiste Guillaume","LOSC Lille","Lens",3.4,"Ligue 1"
"1038",NA,NA,"Sehrou Guirassy","LOSC Lille","Stade Laval",0.425,"Ligue 1"
"1039",NA,NA,"Renato Civelli","LOSC Lille","Bursaspor",0,"Ligue 1"
"1040",NA,NA,"Mounir Obbadi","LOSC Lille","Monaco",0,"Ligue 1"
"1041",NA,NA,"Lenny Nangis","LOSC Lille","SM Caen",0.85,"Ligue 1"
"1042",NA,NA,"Eric Bauthéac","LOSC Lille","OGC Nice",2.04,"Ligue 1"
"1043",NA,NA,"Ibrahim Amadou","LOSC Lille","AS Nancy",1.7,"Ligue 1"
"1044",NA,NA,"Junior Tallo","LOSC Lille","AS Roma",0.85,"Ligue 1"
"1045",NA,NA,"Yassine Benzia","LOSC Lille","Olympique Lyon",0.85,"Ligue 1"
"1046",NA,NA,"Charles","Málaga CF","Celta de Vigo",0.425,"La Liga"
"1047",NA,NA,"Fábio Espinho","Málaga CF","Ludogorets",0,"La Liga"
"1048",NA,NA,"Nordin Amrabat","Málaga CF","Galatasaray",2.98,"La Liga"
"1049",NA,NA,"Federico Ricca","Málaga CF","Danubio FC",2.13,"La Liga"
"1050",NA,NA,"Chory Castro","Málaga CF","Real Sociedad",0,"La Liga"
"1051",NA,NA,"Adnane Tighadouini","Málaga CF","NAC Breda",1.02,"La Liga"
"1052",NA,NA,"Patrick Roberts","Manchester City","Fulham FC",12.75,"Premier league"
"1053",NA,NA,"Nicolás Otamendi","Manchester City","Valencia CF",37.91,"Premier league"
"1054",NA,NA,"Raheem Sterling","Manchester City","Liverpool",53.13,"Premier league"
"1055",NA,NA,"Fabian Delph","Manchester City","Aston Villa",9.78,"Premier league"
"1056",NA,NA,"Enes Ünal","Manchester City","Bursaspor",2.55,"Premier league"
"1057",NA,NA,"Anthony Cáceres","Manchester City","Central Coast Mariners",0.272,"Premier league"
"1058",NA,NA,"Kevin De Bruyne","Manchester City","VfL Wolfsburg",62.9,"Premier league"
"1059",NA,NA,"Rubén Sobrino","Manchester City","Ponferradina",0.234,"Premier league"
"1060",NA,NA,"Luke Brattan","Manchester City","Brisbane Roar",0,"Premier league"
"1061",NA,NA,"Florian Lejeune","Manchester City","Girona FC",0.255,"Premier league"
"1062",NA,NA,"Bastian Schweinsteiger","Manchester Utd.","Bayern Munich ",7.65,"Premier league"
"1063",NA,NA,"Morgan Schneiderlin","Manchester Utd.","Southampton",29.75,"Premier league"
"1064",NA,NA,"Matteo Darmian","Manchester Utd.","Torino",15.3,"Premier league"
"1065",NA,NA,"Memphis Depay","Manchester Utd.","PSV Eindhoven",28.9,"Premier league"
"1066",NA,NA,"Anthony Martial","Manchester Utd.","Monaco",42.5,"Premier league"
"1067",NA,NA,"Karim Rekik","Marseille","Manchester City",4.25,"Ligue 1"
"1068",NA,NA,"Abou Diaby","Marseille","Arsenal",0,"Ligue 1"
"1069",NA,NA,"Bouna Sarr","Marseille","FC Metz",1.7,"Ligue 1"
"1070",NA,NA,"Georges-Kevin N'Koudou","Marseille","FC Nantes",1.28,"Ligue 1"
"1071",NA,NA,"Rolando","Marseille","FC Porto",1.28,"Ligue 1"
"1072",NA,NA,"Lucas Ocampos","Marseille","Monaco",6.38,"Ligue 1"
"1073",NA,NA,"André Zambo Anguissa","Marseille","Stade Reims U19",0,"Ligue 1"
"1074",NA,NA,"Gabriel Boschilia","Monaco","São Paulo",7.7,"Ligue 1"
"1075",NA,NA,"Adama Traoré","Monaco","LOSC Lille",11.9,"Ligue 1"
"1076",NA,NA,"Rony Lopes","Monaco","Manchester City",10.2,"Ligue 1"
"1077",NA,NA,"Jemerson","Monaco","Atlético-MG",9.35,"Ligue 1"
"1078",NA,NA,"Ivan Cavaleiro","Monaco","Benfica",12.75,"Ligue 1"
"1079",NA,NA,"Adama Traoré","Monaco","LOSC Lille",11.9,"Ligue 1"
"1080",NA,NA,"Thomas Lemar","Monaco","SM Caen",3.4,"Ligue 1"
"1081",NA,NA,"Guido Carrillo","Monaco","Estudiantes",7.65,"Ligue 1"
"1082",NA,NA,"Fabinho","Monaco","Rio Ave FC",5.1,"Ligue 1"
"1083",NA,NA,"Allan Saint-Maximin","Monaco","Saint-Étienne",4.25,"Ligue 1"
"1084",NA,NA,"Corentin Jean","Monaco","Troyes",3.4,"Ligue 1"
"1085",NA,NA,"Farès Bahlouli","Monaco","Olympique Lyon",2.98,"Ligue 1"
"1086",NA,NA,"Vágner Love","Monaco","Corinthians",1.28,"Ligue 1"
"1087",NA,NA,"Ryad Boudebouz","Montpellier","SC Bastia",1.45,"Ligue 1"
"1088",NA,NA,"Casimir Ninga","Montpellier","Mangasport",0.064,"Ligue 1"
"1089",NA,NA,"William Rémy","Montpellier","Dijon",0,"Ligue 1"
"1090",NA,NA,"Chancel Mbemba","Newcastle","RSC Anderlecht",10.2,"Premier league"
"1091",NA,NA,"Jonjo Shelvey","Newcastle","Swansea",13.6,"Premier league"
"1092",NA,NA,"Aleksandar Mitrovic","Newcastle","RSC Anderlecht",15.73,"Premier league"
"1093",NA,NA,"Ivan Toney","Newcastle","Northampt. Town",0.604,"Premier league"
"1094",NA,NA,"Andros Townsend","Newcastle","Spurs",13.35,"Premier league"
"1095",NA,NA,"Henri Saivet","Newcastle","G. Bordeaux",5.1,"Premier league"
"1096",NA,NA,"Florian Thauvin","Newcastle","Marseille",15.6,"Premier league"
"1097",NA,NA,"Georginio Wijnaldum","Newcastle","PSV Eindhoven",17,"Premier league"
"1098",NA,NA,"Steven Naismith","Norwich","Everton",9.35,"Premier league"
"1099",NA,NA,"Timm Klose","Norwich","VfL Wolfsburg",9.35,"Premier league"
"1100",NA,NA,"Robbie Brady","Norwich","Hull City",8.42,"Premier league"
"1101",NA,NA,"Graham Dorrans","Norwich","West Brom",3.49,"Premier league"
"1102",NA,NA,"Ivo Pinto","Norwich","Dinamo Zagreb",3.15,"Premier league"
"1103",NA,NA,"Matt Jarvis","Norwich","West Ham",2.89,"Premier league"
"1104",NA,NA,"Youssouf Mulumbu","Norwich","West Brom",0,"Premier league"
"1105",NA,NA,"Mickaël Le Bihan","OGC Nice","AC Le Havre",1.28,"Ligue 1"
"1106",NA,NA,"Jean Michaël Seri","OGC Nice","Paços Ferreira",0.85,"Ligue 1"
"1107",NA,NA,"Rémi Walter","OGC Nice","AS Nancy",0.85,"Ligue 1"
"1108",NA,NA,"Maxime Le Marchand","OGC Nice","AC Le Havre",0.51,"Ligue 1"
"1109",NA,NA,"Sergi Darder","Olympique Lyon","Málaga CF",11.14,"Ligue 1"
"1110",NA,NA,"Mapou Yanga-Mbiwa","Olympique Lyon","AS Roma",7.99,"Ligue 1"
"1111",NA,NA,"Claudio Beauvue","Olympique Lyon","Guingamp",5.1,"Ligue 1"
"1112",NA,NA,"Mathieu Valbuena","Olympique Lyon","Dinamo Moscow",5.1,"Ligue 1"
"1113",NA,NA,"Rafael","Olympique Lyon","Manchester Utd.",2.72,"Ligue 1"
"1114",NA,NA,"Lucas Tousart","Olympique Lyon","FC Valenciennes",2.21,"Ligue 1"
"1115",NA,NA,"Olivier Kemen","Olympique Lyon","Newcastle U23",0.68,"Ligue 1"
"1116",NA,NA,"Jérémy Morel","Olympique Lyon","Marseille",0,"Ligue 1"
"1117",NA,NA,"Layvin Kurzawa","Paris SG","Monaco",21.25,"Ligue 1"
"1118",NA,NA,"Serge Aurier","Paris SG","Toulouse",8.5,"Ligue 1"
"1119",NA,NA,"Benjamin Stambouli","Paris SG","Spurs",7.31,"Ligue 1"
"1120",NA,NA,"Gustavo","Paris SG","FC São Paulo B",0,"Ligue 1"
"1121",NA,NA,"Ángel Di María","Paris SG","Manchester Utd.",53.55,"Ligue 1"
"1122",NA,NA,"Ousseynou Cissé","Rayo Vallecano","Dijon",0,"La Liga"
"1123",NA,NA,"Piti","Rayo Vallecano","Granada CF",0,"La Liga"
"1124",NA,NA,"Patrick Ebert","Rayo Vallecano","Spartak Moscow",0,"La Liga"
"1125",NA,NA,"Razvan Rat","Rayo Vallecano","PAOK Saloniki",0,"La Liga"
"1126",NA,NA,"José Antonio Dorado","Rayo Vallecano","Villarreal CF",0,"La Liga"
"1127",NA,NA,"Juan Vargas","Real Betis","Fiorentina",0,"La Liga"
"1128",NA,NA,"Didier Digard","Real Betis","OGC Nice",0,"La Liga"
"1129",NA,NA,"Germán Pezzella","Real Betis","River Plate",1.91,"La Liga"
"1130",NA,NA,"Joaquín","Real Betis","Fiorentina",1.28,"La Liga"
"1131",NA,NA,"Francisco Portillo","Real Betis","Málaga CF",0.85,"La Liga"
"1132",NA,NA,"Petros","Real Betis","Corinthians",1.45,"La Liga"
"1133",NA,NA,"Cristiano Piccini","Real Betis","Fiorentina",1.28,"La Liga"
"1134",NA,NA,"Heiko Westermann","Real Betis","Hamburger SV",0,"La Liga"
"1135",NA,NA,"Rafael van der Vaart","Real Betis","Hamburger SV",0,"La Liga"
"1136",NA,NA,"Foued Kadir","Real Betis","Marseille",0.51,"La Liga"
"1137",NA,NA,"Amro Tarek","Real Betis","El Gouna",0.255,"La Liga"
"1138",NA,NA,"Danilo","Real Madrid","FC Porto",26.78,"La Liga"
"1139",NA,NA,"Mateo Kovacic","Real Madrid","Inter",26.35,"La Liga"
"1140",NA,NA,"Marco Asensio","Real Madrid","RCD Mallorca",2.98,"La Liga"
"1141",NA,NA,"Jesús Vallejo","Real Madrid","Real Zaragoza",4.25,"La Liga"
"1142",NA,NA,"Lucas Vázquez","Real Madrid","Espanyol",0.85,"La Liga"
"1143",NA,NA,"Jonathas","Real Sociedad","Elche CF",6.12,"La Liga"
"1144",NA,NA,"David Concha","Real Sociedad","Racing",0.85,"La Liga"
"1145",NA,NA,"Asier Illarramendi","Real Sociedad","Real Madrid",12.75,"La Liga"
"1146",NA,NA,"Jaba Kankava","Reims","Dnipro",1.28,"Ligue 1"
"1147",NA,NA,"Hassane Kamara","Reims","LB Châteauroux",0,"Ligue 1"
"1148",NA,NA,"Hugo Rodriguez","Reims","AC Arles-Avign.",0,"Ligue 1"
"1149",NA,NA,"Giovanni Sio","Rennes","FC Basel",1.7,"Ligue 1"
"1150",NA,NA,"Ludovic Baal","Rennes","Lens",0,"Ligue 1"
"1151",NA,NA,"Yacouba Sylla","Rennes","Aston Villa",1.28,"Ligue 1"
"1152",NA,NA,"Mehdi Zeffane","Rennes","Olympique Lyon",0.85,"Ligue 1"
"1153",NA,NA,"Kermit Erasmus","Rennes","Orlando Pirates",0.544,"Ligue 1"
"1154",NA,NA,"Pedro Mendes","Rennes","Parma",0,"Ligue 1"
"1155",NA,NA,"Vincent Pajot","Saint-Étienne","Rennes",0,"Ligue 1"
"1156",NA,NA,"Robert Beric","Saint-Étienne","Rapid Vienna",4.68,"Ligue 1"
"1157",NA,NA,"Ole Selnaes","Saint-Étienne","Rosenborg BK",2.72,"Ligue 1"
"1158",NA,NA,"Oussama Tannane","Saint-Étienne","Heracles Almelo",2.13,"Ligue 1"
"1159",NA,NA,"Kévin Théophile-Catherine","Saint-Étienne","Cardiff",1.7,"Ligue 1"
"1160",NA,NA,"Alexander Söderlund","Saint-Étienne","Rosenborg BK",1.7,"Ligue 1"
"1161",NA,NA,"Nolan Roux","Saint-Étienne","LOSC Lille",1.7,"Ligue 1"
"1162",NA,NA,"Neal Maupay","Saint-Étienne","OGC Nice",0.51,"Ligue 1"
"1163",NA,NA,"Kévin Malcuit","Saint-Étienne","FC Niort",0.425,"Ligue 1"
"1164",NA,NA,"Édgar Barreto","Sampdoria","US Palermo",0,"Serie A"
"1165",NA,NA,"Matías Silvestre","Sampdoria","Inter",0,"Serie A"
"1166",NA,NA,"Mattia Cassani","Sampdoria","Parma",0,"Serie A"
"1167",NA,NA,"Luis Muriel","Sampdoria","Udinese Calcio",8.93,"Serie A"
"1168",NA,NA,"Fernando","Sampdoria","Shakhtar D.",6.8,"Serie A"
"1169",NA,NA,"Ricardo Álvarez","Sampdoria","Sunderland",0,"Serie A"
"1170",NA,NA,"Ervin Zukanovic","Sampdoria","Chievo Verona",2.47,"Serie A"
"1171",NA,NA,"Modibo Diakité","Sampdoria","Frosinone",0,"Serie A"
"1172",NA,NA,"Oliveira Jefferson","Sampdoria","Vicenza",0,"Serie A"
"1173",NA,NA,"Milan Skriniar","Sampdoria","MSK Zilina",0.85,"Serie A"
"1174",NA,NA,"Michele Rocca","Sampdoria","Inter U19",0.85,"Serie A"
"1175",NA,NA,"Alfred Duncan","Sampdoria","Inter",2.21,"Serie A"
"1176",NA,NA,"Lucas Torreira","Sampdoria","Pescara",1.7,"Serie A"
"1177",NA,NA,"Niklas Moisander","Sampdoria","AFC Ajax",0,"Serie A"
"1178",NA,NA,"Pedro Pereira","Sampdoria","Benfica Youth",0.162,"Serie A"
"1179",NA,NA,"Andrea Coda","Sampdoria","Udinese Calcio",0,"Serie A"
"1180",NA,NA,"Marcello Trotta","Sassuolo","Avellino",2.38,"Serie A"
"1181",NA,NA,"Luca Mazzitelli","Sassuolo","AS Roma",2.98,"Serie A"
"1182",NA,NA,"Cristian Dell'Orco","Sassuolo","Parma",0,"Serie A"
"1183",NA,NA,"Lorenzo Pellegrini","Sassuolo","Roma U19",1.06,"Serie A"
"1184",NA,NA,"Stefano Sensi","Sassuolo","AC Cesena",4.25,"Serie A"
"1185",NA,NA,"Grégoire Defrel","Sassuolo","AC Cesena",5.95,"Serie A"
"1186",NA,NA,"Domenico Berardi","Sassuolo","Juventus",8.5,"Serie A"
"1187",NA,NA,"Giovanni Sbrissa","Sassuolo","Vicenza",0.68,"Serie A"
"1188",NA,NA,"Yassine Jebbour","SC Bastia","Montpellier",0,"Ligue 1"
"1189",NA,NA,"Romain Saïss","SCO Angers","AC Le Havre",0,"Ligue 1"
"1190",NA,NA,"Goran Karanovic","SCO Angers","FC St. Gallen",0,"Ligue 1"
"1191",NA,NA,"Mathias Serin","SCO Angers","SO Romorantin",0,"Ligue 1"
"1192",NA,NA,"Bilel Mohsni","SCO Angers","Rangers",0,"Ligue 1"
"1193",NA,NA,"Slimane Sissoko","SCO Angers","Luçon VF",0,"Ligue 1"
"1194",NA,NA,"Cheikh Ndoye","SCO Angers","US Créteil",0,"Ligue 1"
"1195",NA,NA,"Yoann Andreu","SCO Angers","G. Ajaccio",0,"Ligue 1"
"1196",NA,NA,"Férébory Doré","SCO Angers","Botev Plovdiv",0,"Ligue 1"
"1197",NA,NA,"Ismaël Traoré","SCO Angers","Stade Brest 29",0,"Ligue 1"
"1198",NA,NA,"Grégory Bourillon","SCO Angers","Reims",0,"Ligue 1"
"1199",NA,NA,"Billy Ketkeophomphone","SCO Angers","FC Tours",0,"Ligue 1"
"1200",NA,NA,"Pierrick Capelle","SCO Angers","Clermont Foot",0,"Ligue 1"
"1201",NA,NA,"Iván Ramis","SD Eibar","Levante UD",0,"La Liga"
"1202",NA,NA,"Antonio Luna","SD Eibar","Aston Villa",0,"La Liga"
"1203",NA,NA,"Keko","SD Eibar","Albacete",0,"La Liga"
"1204",NA,NA,"Adrián González","SD Eibar","Elche CF",0,"La Liga"
"1205",NA,NA,"Jon Ansotegi","SD Eibar","Real Sociedad",0,"La Liga"
"1206",NA,NA,"Takashi Inui","SD Eibar","E. Frankfurt",0.425,"La Liga"
"1207",NA,NA,"Sergi Enrich","SD Eibar","CD Numancia",0,"La Liga"
"1208",NA,NA,"Mauro dos Santos","SD Eibar","UD Almería",0,"La Liga"
"1209",NA,NA,"Gonzalo Escalante","SD Eibar","Catania",0.85,"La Liga"
"1210",NA,NA,"Kike","SD Eibar","Middlesbrough",1.7,"La Liga"
"1211",NA,NA,"Mariano","Sevilla FC","G. Bordeaux",2.98,"La Liga"
"1212",NA,NA,"Sergio Escudero","Sevilla FC","Getafe CF",2.55,"La Liga"
"1213",NA,NA,"Gaël Kakuta","Sevilla FC","Chelsea",5.1,"La Liga"
"1214",NA,NA,"Iago Aspas","Sevilla FC","Liverpool",5.1,"La Liga"
"1215",NA,NA,"Adil Rami","Sevilla FC","AC Milan",2.98,"La Liga"
"1216",NA,NA,"Evgen Konoplyanka","Sevilla FC","Dnipro",0,"La Liga"
"1217",NA,NA,"Steven N'Zonzi","Sevilla FC","Stoke City",8.29,"La Liga"
"1218",NA,NA,"Fernando Llorente","Sevilla FC","Juventus",0,"La Liga"
"1219",NA,NA,"Michael Krohn-Dehli","Sevilla FC","Celta de Vigo",0,"La Liga"
"1220",NA,NA,"Ciro Immobile","Sevilla FC","Bor. Dortmund",9.35,"La Liga"
"1221",NA,NA,"Syam Ben Youssef","SM Caen","Astra Giurgiu",0,"Ligue 1"
"1222",NA,NA,"Andy Delort","SM Caen","Wigan",1.7,"Ligue 1"
"1223",NA,NA,"Jeff Louis","SM Caen","Standard Liège",1.7,"Ligue 1"
"1224",NA,NA,"Pape Sané","SM Caen","Bourg-en-Bresse",0.765,"Ligue 1"
"1225",NA,NA,"Chaker Alhadhur","SM Caen","FC Nantes",0.043,"Ligue 1"
"1226",NA,NA,"Christian Kouakou","SM Caen","FC Tours",0.425,"Ligue 1"
"1227",NA,NA,"Vincent Bessat","SM Caen","FC Nantes",0,"Ligue 1"
"1228",NA,NA,"Florian Le Joncour","SM Caen","Concarneau",0,"Ligue 1"
"1229",NA,NA,"Jonathan Delaplace","SM Caen","LOSC Lille",0.51,"Ligue 1"
"1230",NA,NA,"Jordan N'Kololo","SM Caen","Clermont Foot",0,"Ligue 1"
"1231",NA,NA,"Jordy Clasie","Southampton","Feyenoord",10.2,"Premier league"
"1232",NA,NA,"Oriol Romeu","Southampton","Chelsea",5.95,"Premier league"
"1233",NA,NA,"Juanmi","Southampton","Málaga CF",5.95,"Premier league"
"1234",NA,NA,"Cuco Martina","Southampton","FC Twente",1.28,"Premier league"
"1235",NA,NA,"Virgil van Dijk","Southampton","Celtic",13.35,"Premier league"
"1236",NA,NA,"Charlie Austin","Southampton","QPR",4.42,"Premier league"
"1237",NA,NA,"Cédric Soares","Southampton","Sporting CP",4.68,"Premier league"
"1238",NA,NA,"Ognjen Vranjes","Sporting Gijón","Gaziantepspor",0,"La Liga"
"1239",NA,NA,"Kevin Wimmer","Spurs","1. FC Köln",5.1,"Premier league"
"1240",NA,NA,"Clinton N'Jie","Spurs","Olympique Lyon",11.99,"Premier league"
"1241",NA,NA,"Toby Alderweireld","Spurs","Atlético Madrid",13.6,"Premier league"
"1242",NA,NA,"Heung-Min Son","Spurs","Bay. Leverkusen",25.5,"Premier league"
"1243",NA,NA,"Kieran Trippier","Spurs","Burnley FC",4.17,"Premier league"
"1244",NA,NA,"Raffaele Maiello","SSC Napoli","Crotone",1.28,"Serie A"
"1245",NA,NA,"Jacopo Dezi","SSC Napoli","Crotone",0.255,"Serie A"
"1246",NA,NA,"Elseid Hysaj","SSC Napoli","FC Empoli",4.25,"Serie A"
"1247",NA,NA,"Mirko Valdifiori","SSC Napoli","FC Empoli",4.68,"Serie A"
"1248",NA,NA,"Allan","SSC Napoli","Udinese Calcio",9.78,"Serie A"
"1249",NA,NA,"Alberto Grassi","SSC Napoli","Atalanta",6.8,"Serie A"
"1250",NA,NA,"Vlad Chiriches","SSC Napoli","Spurs",5.95,"Serie A"
"1251",NA,NA,"Eddy Gnahoré","SSC Napoli","Carrarese",0.128,"Serie A"
"1252",NA,NA,"Ibrahim Afellay","Stoke City","FC Barcelona",0,"Premier league"
"1253",NA,NA,"Philipp Wollscheid","Stoke City","Bay. Leverkusen",3.23,"Premier league"
"1254",NA,NA,"Glen Johnson","Stoke City","Liverpool",0,"Premier league"
"1255",NA,NA,"Xherdan Shaqiri","Stoke City","Inter",14.45,"Premier league"
"1256",NA,NA,"Giannelli Imbula","Stoke City","FC Porto",20.61,"Premier league"
"1257",NA,NA,"Joselu","Stoke City","Hannover 96",6.8,"Premier league"
"1258",NA,NA,"Jeremain Lens","Sunderland","Dynamo Kyiv",9.69,"Premier league"
"1259",NA,NA,"Wahbi Khazri","Sunderland","G. Bordeaux",10.03,"Premier league"
"1260",NA,NA,"Fabio Borini","Sunderland","Liverpool",9.1,"Premier league"
"1261",NA,NA,"Ricardo Álvarez","Sunderland","Inter",8.93,"Premier league"
"1262",NA,NA,"Lamine Koné","Sunderland","FC Lorient",5.53,"Premier league"
"1263",NA,NA,"Younès Kaboul","Sunderland","Spurs",3.66,"Premier league"
"1264",NA,NA,"Santiago Vergini","Sunderland","Estudiantes",2.42,"Premier league"
"1265",NA,NA,"Jan Kirchhoff","Sunderland","Bayern Munich ",0.85,"Premier league"
"1266",NA,NA,"Sebastián Coates","Sunderland","Liverpool",2.38,"Premier league"
"1267",NA,NA,"Adam Matthews","Sunderland","Celtic",2.38,"Premier league"
"1268",NA,NA,"Sandro Wagner","SV Darmstadt 98","Hertha BSC",0,"Bundesliga"
"1269",NA,NA,"Mario Vrancic","SV Darmstadt 98","SC Paderborn",0.425,"Bundesliga"
"1270",NA,NA,"Fabian Holland","SV Darmstadt 98","Hertha BSC",0.298,"Bundesliga"
"1271",NA,NA,"Peter Niemeyer","SV Darmstadt 98","Hertha BSC",0,"Bundesliga"
"1272",NA,NA,"Júnior Díaz","SV Darmstadt 98","1.FSV Mainz 05",0,"Bundesliga"
"1273",NA,NA,"Jan Rosenthal","SV Darmstadt 98","E. Frankfurt",0,"Bundesliga"
"1274",NA,NA,"Konstantin Rausch","SV Darmstadt 98","VfB Stuttgart",0,"Bundesliga"
"1275",NA,NA,"André Ayew","Swansea","Marseille",0,"Premier league"
"1276",NA,NA,"Alberto Paloschi","Swansea","Chievo Verona",8.08,"Premier league"
"1277",NA,NA,"Botti Biabi","Swansea","Falkirk FC",0.179,"Premier league"
"1278",NA,NA,"Éder","Swansea","Braga",5.7,"Premier league"
"1279",NA,NA,"Franck Tabanou","Swansea","Saint-Étienne",4.17,"Premier league"
"1280",NA,NA,"Andrea Belotti","Torino","US Palermo",7.14,"Serie A"
"1281",NA,NA,"Danilo Avelar","Torino","Cagliari Calcio",2.13,"Serie A"
"1282",NA,NA,"Daniele Baselli","Torino","Atalanta",5.1,"Serie A"
"1283",NA,NA,"Joel Obi","Torino","Inter",1.87,"Serie A"
"1284",NA,NA,"Davide Zappacosta","Torino","Atalanta",3.66,"Serie A"
"1285",NA,NA,"Afriyie Acquah","Torino","TSG Hoffenheim",2.64,"Serie A"
"1286",NA,NA,"Somália","Toulouse","Ferencváros",2.04,"Ligue 1"
"1287",NA,NA,"Christian Bekamenga","Troyes","Stade Laval",0.255,"Ligue 1"
"1288",NA,NA,"Fabien Camus","Troyes","KRC Genk",0,"Ligue 1"
"1289",NA,NA,"Johan Martial","Troyes","Stade Brest 29",0,"Ligue 1"
"1290",NA,NA,"Lossémy Karaboué","Troyes","AS Nancy",0,"Ligue 1"
"1291",NA,NA,"Charles Traoré","Troyes","FC Nantes B",0,"Ligue 1"
"1292",NA,NA,"Pavel Kaderábek","TSG Hoffenheim","Sparta Praha",2.98,"Bundesliga"
"1293",NA,NA,"Jonathan Schmid","TSG Hoffenheim","SC Freiburg",3.15,"Bundesliga"
"1294",NA,NA,"Fabian Schär","TSG Hoffenheim","FC Basel",3.4,"Bundesliga"
"1295",NA,NA,"Eduardo Vargas","TSG Hoffenheim","SSC Napoli",5.1,"Bundesliga"
"1296",NA,NA,"Felipe Pires","TSG Hoffenheim","RB Salzburg",0.85,"Bundesliga"
"1297",NA,NA,"Mark Uth","TSG Hoffenheim","SC Heerenveen",1.87,"Bundesliga"
"1298",NA,NA,"Joelinton","TSG Hoffenheim","Sport",1.87,"Bundesliga"
"1299",NA,NA,"Antonio Colak","TSG Hoffenheim","1.FC Nuremberg",0.425,"Bundesliga"
"1300",NA,NA,"Kevin Kuranyi","TSG Hoffenheim","Dinamo Moscow",0,"Bundesliga"
"1301",NA,NA,"Javier Garrido","UD Las Palmas","Norwich",0,"La Liga"
"1302",NA,NA,"Antolín Alcaraz","UD Las Palmas","Everton",0,"La Liga"
"1303",NA,NA,"Ángel Montoro","UD Las Palmas","UD Almería",0,"La Liga"
"1304",NA,NA,"Alfredo Ortuño","UD Las Palmas","Granada CF",0.85,"La Liga"
"1305",NA,NA,"Jonathan Viera","UD Las Palmas","Standard Liège",0.765,"La Liga"
"1306",NA,NA,"Sergio Araujo","UD Las Palmas","Boca Juniors",2.13,"La Liga"
"1307",NA,NA,"Nabil El Zhar","UD Las Palmas","Levante UD",0,"La Liga"
"1308",NA,NA,"Pedro Bigas","UD Las Palmas","RCD Mallorca",0,"La Liga"
"1309",NA,NA,"Marquinho","Udinese Calcio","AS Roma",0.425,"Serie A"
"1310",NA,NA,"Manuel Iturra","Udinese Calcio","Granada CF",0,"Serie A"
"1311",NA,NA,"Emil Hallfredsson","Udinese Calcio","Hellas Verona",0.85,"Serie A"
"1312",NA,NA,"Iván Piris","Udinese Calcio","Maldonado",2.98,"Serie A"
"1313",NA,NA,"Emanuel Insúa","Udinese Calcio","Granada CF",0,"Serie A"
"1314",NA,NA,"Adalberto Peñaranda","Udinese Calcio","Dep. La Guaira",0.655,"Serie A"
"1315",NA,NA,"Felipe","Udinese Calcio","Inter",0,"Serie A"
"1316",NA,NA,"Gaspar Íñiguez","Udinese Calcio","Granada CF",1.02,"Serie A"
"1317",NA,NA,"Ryder Matos","Udinese Calcio","Fiorentina",2.55,"Serie A"
"1318",NA,NA,"Andrija Balic","Udinese Calcio","Hajduk Split",2.55,"Serie A"
"1319",NA,NA,"Samir","Udinese Calcio","Flamengo",3.4,"Serie A"
"1320",NA,NA,"Ali Adnan","Udinese Calcio","Rizespor",1.87,"Serie A"
"1321",NA,NA,"Abdelhamid El Kaoutari","US Palermo","Montpellier",1.7,"Serie A"
"1322",NA,NA,"Norbert Balogh","US Palermo","Debreceni VSC",1.87,"Serie A"
"1323",NA,NA,"Aleksandar Trajkovski","US Palermo","Zulte Waregem",0.765,"Serie A"
"1324",NA,NA,"Edoardo Goldaniga","US Palermo","Juventus",1.7,"Serie A"
"1325",NA,NA,"Oscar Hiljemark","US Palermo","PSV Eindhoven",2.13,"Serie A"
"1326",NA,NA,"Matheus Cassini","US Palermo","Corinthians",1.02,"Serie A"
"1327",NA,NA,"Ahmad Benali","US Palermo","Brescia",0,"Serie A"
"1328",NA,NA,"Andrea Rispoli","US Palermo","Parma",0,"Serie A"
"1329",NA,NA,"Manuel Arteaga","US Palermo","Zulia FC",0.68,"Serie A"
"1330",NA,NA,"Thiago Cionek","US Palermo","Modena FC",0.298,"Serie A"
"1331",NA,NA,"Alberto Gilardino","US Palermo","GZ Evergrande",0,"Serie A"
"1332",NA,NA,"Uros Djurdjevic","US Palermo","Vitesse",0,"Serie A"
"1333",NA,NA,"Nicolas Viola","US Palermo","Ternana",0,"Serie A"
"1334",NA,NA,"Aymen Abdennour","Valencia CF","Monaco",18.57,"La Liga"
"1335",NA,NA,"André Gomes","Valencia CF","Benfica",17,"La Liga"
"1336",NA,NA,"Álvaro Negredo","Valencia CF","Manchester City",23.8,"La Liga"
"1337",NA,NA,"Santi Mina","Valencia CF","Celta de Vigo",8.5,"La Liga"
"1338",NA,NA,"João Cancelo","Valencia CF","Benfica",12.75,"La Liga"
"1339",NA,NA,"Zakaria Bakkali","Valencia CF","PSV U21",0,"La Liga"
"1340",NA,NA,"Aderlan Santos","Valencia CF","Braga",8.08,"La Liga"
"1341",NA,NA,"Lukas Rupp","VfB Stuttgart","SC Paderborn",0,"Bundesliga"
"1342",NA,NA,"Philip Heise","VfB Stuttgart","1.FC Heidenheim",0.638,"Bundesliga"
"1343",NA,NA,"Kevin Großkreutz","VfB Stuttgart","Galatasaray",1.85,"Bundesliga"
"1344",NA,NA,"Joshua Kimmich","VfB Stuttgart","RB Leipzig",1.28,"Bundesliga"
"1345",NA,NA,"Emiliano Insúa","VfB Stuttgart","Atlético Madrid",0,"Bundesliga"
"1346",NA,NA,"Toni Sunjic","VfB Stuttgart","Kuban Krasnodar",2.55,"Bundesliga"
"1347",NA,NA,"Jan Kliment","VfB Stuttgart","FC Vysocina",0.85,"Bundesliga"
"1348",NA,NA,"Julian Draxler","VfL Wolfsburg","FC Schalke 04",28.9,"Bundesliga"
"1349",NA,NA,"Bruno Henrique","VfL Wolfsburg","Goiás EC",3.83,"Bundesliga"
"1350",NA,NA,"Max Kruse","VfL Wolfsburg","Bor. M'gladbach",10.2,"Bundesliga"
"1351",NA,NA,"Carlos Ascues","VfL Wolfsburg","FBC Melgar",1.28,"Bundesliga"
"1352",NA,NA,"Francisco Rodríguez","VfL Wolfsburg","FC Zürich",1.02,"Bundesliga"
"1353",NA,NA,"Dante","VfL Wolfsburg","Bayern Munich ",3.83,"Bundesliga"
"1354",NA,NA,"Ismail Azzaoui","VfL Wolfsburg","Tottenham U21",0.85,"Bundesliga"
"1355",NA,NA,"Cédric Bakambu","Villarreal CF","Bursaspor",6.38,"La Liga"
"1356",NA,NA,"Samu García","Villarreal CF","Málaga CF",6.8,"La Liga"
"1357",NA,NA,"Samu Castillejo","Villarreal CF","Málaga CF",6.8,"La Liga"
"1358",NA,NA,"Daniele Bonera","Villarreal CF","AC Milan",0,"La Liga"
"1359",NA,NA,"Denis Suárez","Villarreal CF","FC Barcelona",3.4,"La Liga"
"1360",NA,NA,"Víctor Ruiz","Villarreal CF","Valencia CF",2.3,"La Liga"
"1361",NA,NA,"Adalberto Peñaranda","Watford","Udinese Calcio",9.01,"Premier league"
"1362",NA,NA,"Abdoulaye Doucouré","Watford","Rennes",9.01,"Premier league"
"1363",NA,NA,"Étienne Capoue","Watford","Spurs",7.57,"Premier league"
"1364",NA,NA,"José Manuel Jurado","Watford","Spartak Moscow",7.31,"Premier league"
"1365",NA,NA,"Matej Vydra","Watford","Udinese Calcio",7.14,"Premier league"
"1366",NA,NA,"Nordin Amrabat","Watford","Málaga CF",7.14,"Premier league"
"1367",NA,NA,"Obbi Oulare","Watford","Club Brugge",7,"Premier league"
"1368",NA,NA,"Steven Berghuis","Watford","AZ Alkmaar",5.53,"Premier league"
"1369",NA,NA,"Mario Suárez","Watford","Fiorentina",4.51,"Premier league"
"1370",NA,NA,"Valon Behrami","Watford","Hamburger SV",2.98,"Premier league"
"1371",NA,NA,"José Holebas","Watford","AS Roma",2.13,"Premier league"
"1372",NA,NA,"Miguel Britos","Watford","SSC Napoli",0,"Premier league"
"1373",NA,NA,"Sebastian Prödl","Watford","Werder Bremen",0,"Premier league"
"1374",NA,NA,"Allan Nyom","Watford","Udinese Calcio",0,"Premier league"
"1375",NA,NA,"Adlène Guédioura","Watford","Crystal Palace",0,"Premier league"
"1376",NA,NA,"Milos Veljkovic","Werder Bremen","Spurs",0.281,"Bundesliga"
"1377",NA,NA,"László Kleinheisler","Werder Bremen","Videoton FC",0.213,"Bundesliga"
"1378",NA,NA,"Anthony Ujah","Werder Bremen","1. FC Köln",3.83,"Bundesliga"
"1379",NA,NA,"Aron Jóhannsson","Werder Bremen","AZ Alkmaar",3.57,"Bundesliga"
"1380",NA,NA,"Sambou Yatabaré","Werder Bremen","Olympiacos",2.13,"Bundesliga"
"1381",NA,NA,"Ulisses  Garcia","Werder Bremen","Grasshoppers",0.51,"Bundesliga"
"1382",NA,NA,"José Salomón Rondón","West Brom","Zenit S-Pb",14.45,"Premier league"
"1383",NA,NA,"Rickie Lambert","West Brom","Liverpool",3.57,"Premier league"
"1384",NA,NA,"Jonny Evans","West Brom","Manchester Utd.",7.06,"Premier league"
"1385",NA,NA,"James McClean","West Brom","Wigan",1.79,"Premier league"
"1386",NA,NA,"James Chester","West Brom","Hull City",9.61,"Premier league"
"1387",NA,NA,"Dimitri Payet","West Ham","Marseille",12.75,"Premier league"
"1388",NA,NA,"Angelo Ogbonna","West Ham","Juventus",9.35,"Premier league"
"1389",NA,NA,"Nikica Jelavic","West Ham","Hull City",3.49,"Premier league"
"1390",NA,NA,"Michail Antonio","West Ham","Nottm Forest",8.08,"Premier league"
"1391",NA,NA,"Pedro Obiang","West Ham","Sampdoria",5.1,"Premier league"
"1392",NA,NA,"Sam Byram","West Ham","Leeds",4.08,"Premier league"
