"","name","team.x","transfer.path.origin.club.from","transfer.path.origin.league","transfer.path.origin.transfer.fee","lon_o","lat_o","team.y","transfer.path.destination.club.from","transfer.path.destination.league.x","transfer.path.destination.transfer.fee","transfer.path.destination.lon","transfer.path.destination.lat"
"1","Marco Höger"," Cologne FC RheinEnergieStadion Germany","FC Schalke 04","Bundesliga",1.11,NA,NA," Cologne FC RheinEnergieStadion Germany","FC Schalke 04","Bundesliga",1.11,6.9602786,50.937531
"2","Artjoms Rudnevs"," Cologne FC RheinEnergieStadion Germany","Hamburger SV","Bundesliga",0,16.3378572,57.6027778," Cologne FC RheinEnergieStadion Germany","Hamburger SV","Bundesliga",0,6.9602786,50.937531
"3","Konstantin Rausch"," Cologne FC RheinEnergieStadion Germany","SV Darmstadt 98","Bundesliga",0,8.927711,50.108607," Cologne FC RheinEnergieStadion Germany","SV Darmstadt 98","Bundesliga",0,6.9602786,50.937531
"4","Sehrou Guirassy"," Cologne FC RheinEnergieStadion Germany","LOSC Lille","Bundesliga",3.23,3.057256,50.62925," Cologne FC RheinEnergieStadion Germany","LOSC Lille","Bundesliga",3.23,6.9602786,50.937531
"5","Levin Öztunali","FSV Mainz  Germany","Bay. Leverkusen","Bundesliga",4.25,6.9946126,51.0157534,"FSV Mainz  Germany","Bay. Leverkusen","Bundesliga",4.25,8.0015825,50.005679
"6","Jean-Philippe Gbamin","FSV Mainz  Germany","Lens","Bundesliga",4.25,2.83183,50.42893,"FSV Mainz  Germany","Lens","Bundesliga",4.25,8.0015825,50.005679
"7","Christian Clemens","FSV Mainz  Germany","FC Schalke 04","Bundesliga",1.7,NA,NA,"FSV Mainz  Germany","FC Schalke 04","Bundesliga",1.7,8.0015825,50.005679
"8","Jhon Córdoba","FSV Mainz  Germany","Granada CF","Bundesliga",5.53,-3.0106774,36.7460566,"FSV Mainz  Germany","Granada CF","Bundesliga",5.53,8.0015825,50.005679
"9","José Rodríguez","FSV Mainz  Germany","Galatasaray","Bundesliga",1.82,29.3190451,40.8236671,"FSV Mainz  Germany","Galatasaray","Bundesliga",1.82,8.0015825,50.005679
"10","Gerrit Holtmann","FSV Mainz  Germany","E. Braunschweig","Bundesliga",2.55,10.5267696,52.2688736,"FSV Mainz  Germany","E. Braunschweig","Bundesliga",2.55,8.0015825,50.005679
"11","José Sosa","AC Milan Italy","Besiktas","Serie A",6.38,29.0285355,41.068616,"AC Milan Italy","Besiktas","Serie A",6.38,9.1392456,45.5120844
"12","Gianluca Lapadula","AC Milan Italy","Pescara","Serie A",7.65,14.2160898,42.4617902,"AC Milan Italy","Pescara","Serie A",7.65,9.1392456,45.5120844
"13","Gustavo Gómez","AC Milan Italy","CA Lanús","Serie A",7.23,-58.3840143,-34.6493828,"AC Milan Italy","CA Lanús","Serie A",7.23,9.1392456,45.5120844
"14","Leonel Vangioni","AC Milan Italy","River Plate","Serie A",0,-56.741207,-35.1944557,"AC Milan Italy","River Plate","Serie A",0,9.1392456,45.5120844
"15","Christian Santos","Alavés Spain","NEC Nijmegen","La Liga",0,NA,NA,NA,NA,NA,NA,NA,NA
"16","Nenad Krsticic","Alavés Spain","Sampdoria","La Liga",0,-100.7169119,20.0188739,NA,NA,NA,NA,NA,NA
"17","Ibai Gómez","Alavés Spain","Athletic Bilbao","La Liga",0,-2.7530628,43.298455,NA,NA,NA,NA,NA,NA
"18","Edgar Méndez","Alavés Spain","Granada CF","La Liga",0,-3.0106774,36.7460566,NA,NA,NA,NA,NA,NA
"19","Zouhair Feddal","Alavés Spain","Levante UD","La Liga",0,-0.3887798,39.4961244,NA,NA,NA,NA,NA,NA
"20","Daniel Torres","Alavés Spain","Indep. Medellín","La Liga",2.7,-75.6251732,6.2487306,NA,NA,NA,NA,NA,NA
"21","Aleksandar Katai","Alavés Spain","Red Star","La Liga",1.7,-107.2650225,32.7997962,NA,NA,NA,NA,NA,NA
"22","Alexis","Alavés Spain","Besiktas","La Liga",0.34,29.0285355,41.068616,NA,NA,NA,NA,NA,NA
"23","Rob Holding","Arsenal UK","Bolton","Premier league",2.55,-2.4282192,53.5768647,"Arsenal UK","Bolton","Premier league",2.55,-0.1057342,51.5584654
"24","Granit Xhaka","Arsenal UK","Bor. M'gladbach","Premier league",38.25,NA,NA,"Arsenal UK","Bor. M'gladbach","Premier league",38.25,-0.1057342,51.5584654
"25","Shkodran Mustafi","Arsenal UK","Valencia CF","Premier league",34.85,-0.5104759,39.0643597,"Arsenal UK","Valencia CF","Premier league",34.85,-0.1057342,51.5584654
"26","Lucas Pérez","Arsenal UK","Dep. La Coruña","Premier league",17,-8.4329001,43.3588448,"Arsenal UK","Dep. La Coruña","Premier league",17,-0.1057342,51.5584654
"27","Takuma Asano","Arsenal UK","Sanf. Hiroshima","Premier league",3.4,-101.6370568,21.1273026,"Arsenal UK","Sanf. Hiroshima","Premier league",3.4,-0.1057342,51.5584654
"28","Alou Diarra","AS Nancy France","Charlton","Ligue 1",0,-71.970074,42.13565,NA,NA,NA,NA,NA,NA
"29","Anthony Koura","AS Nancy France","Olympique Nîmes","Ligue 1",0,4.360054,43.836699,NA,NA,NA,NA,NA,NA
"30","Issiar Dia","AS Nancy France","Al-Kharitiyat","Ligue 1",0,51.4211111,25.3963889,NA,NA,NA,NA,NA,NA
"31","Abdullahi Nura","AS Roma Italy","Spezia Calcio","Serie A",2.13,9.7994789,44.0727813,"AS Roma Italy","Spezia Calcio","Serie A",2.13,14.3033475,41.0601645
"32","Moustapha Seck","AS Roma Italy","Lazio","Serie A",0,12.989615,41.6552418,"AS Roma Italy","Lazio","Serie A",0,14.3033475,41.0601645
"33","Diego Perotti","AS Roma Italy","Genoa","Serie A",7.65,8.946256,44.4056499,"AS Roma Italy","Genoa","Serie A",7.65,14.3033475,41.0601645
"34","Ervin Zukanovic","AS Roma Italy","Sampdoria","Serie A",2.38,-100.7169119,20.0188739,"AS Roma Italy","Sampdoria","Serie A",2.38,14.3033475,41.0601645
"35","Mohamed Salah","AS Roma Italy","Chelsea","Serie A",12.75,-71.0328284,42.3917638,"AS Roma Italy","Chelsea","Serie A",12.75,14.3033475,41.0601645
"36","Stephan El Shaarawy","AS Roma Italy","AC Milan","Serie A",11.05,6.2230139,50.7654394,"AS Roma Italy","AC Milan","Serie A",11.05,14.3033475,41.0601645
"37","Antonio Rüdiger","AS Roma Italy","VfB Stuttgart","Serie A",7.65,NA,NA,"AS Roma Italy","VfB Stuttgart","Serie A",7.65,14.3033475,41.0601645
"38","Norbert Gyömber","AS Roma Italy","Catania","Serie A",1.28,15.0830304,37.5078772,"AS Roma Italy","Catania","Serie A",1.28,14.3033475,41.0601645
"39","Umar Sadiq","AS Roma Italy","Spezia Calcio","Serie A",2.13,9.7994789,44.0727813,"AS Roma Italy","Spezia Calcio","Serie A",2.13,14.3033475,41.0601645
"40","Gerson","AS Roma Italy","Fluminense","Serie A",14.11,-42.0911635,-22.8292768,"AS Roma Italy","Fluminense","Serie A",14.11,14.3033475,41.0601645
"41","Edin Dzeko","AS Roma Italy","Manchester City","Serie A",9.35,-71.4547891,42.9956397,"AS Roma Italy","Manchester City","Serie A",9.35,14.3033475,41.0601645
"42","Abdoulay Konko","Atalanta Italy","Lazio","Serie A",0,12.989615,41.6552418,"Atalanta Italy","Lazio","Serie A",0,12.4330341,43.0882655
"43","Bryan Cabezas","Atalanta Italy","Independiente","Serie A",1.36,-109.6332428,26.9164761,"Atalanta Italy","Independiente","Serie A",1.36,12.4330341,43.0882655
"44","Alberto Paloschi","Atalanta Italy","Swansea","Serie A",5.1,-3.943646,51.62144,"Atalanta Italy","Swansea","Serie A",5.1,12.4330341,43.0882655
"45","Diogo Jota","Atlético Madrid Spain","Paços Ferreira","La Liga",6.12,-8.2211022,42.1299821,NA,NA,NA,NA,NA,NA
"46","Nico Gaitán","Atlético Madrid Spain","Benfica","La Liga",21.25,-43.2397455,-22.8926246,NA,NA,NA,NA,NA,NA
"47","Sime Vrsaljko","Atlético Madrid Spain","Sassuolo","La Liga",13.6,10.7847741,44.54433,NA,NA,NA,NA,NA,NA
"48","Fernando Torres","Atlético Madrid Spain","AC Milan","La Liga",0,6.2230139,50.7654394,NA,NA,NA,NA,NA,NA
"49","Kévin Gameiro","Atlético Madrid Spain","Sevilla FC","La Liga",27.2,-109.9259886,27.4907255,NA,NA,NA,NA,NA,NA
"50","Jonas Meffert","Bay Leverkusen Germany","Karlsruher SC","Bundesliga",0.51,8.4145779,49.0168232,"Bay Leverkusen Germany","Karlsruher SC","Bundesliga",0.51,6.9946126,51.0157534
"51","Jonas Meffert","Bay Leverkusen Germany","Karlsruher SC","Bundesliga",0.51,8.4145779,49.0168232,"SC Freiburg Germany","Bay. Leverkusen","Bundesliga",1.02,8.274477,48.084436
"52","Kevin Volland","Bay Leverkusen Germany","TSG Hoffenheim","Bundesliga",17,NA,NA,"Bay Leverkusen Germany","TSG Hoffenheim","Bundesliga",17,6.9946126,51.0157534
"53","Julian Baumgartlinger","Bay Leverkusen Germany","1.FSV Mainz 05","Bundesliga",3.4,NA,NA,"Bay Leverkusen Germany","1.FSV Mainz 05","Bundesliga",3.4,6.9946126,51.0157534
"54","Danny da Costa","Bay Leverkusen Germany","FC Ingolstadt","Bundesliga",0.425,11.4257541,48.7665351,"Bay Leverkusen Germany","FC Ingolstadt","Bundesliga",0.425,6.9946126,51.0157534
"55","Sam Schreck","Bay Leverkusen Germany","St. Pauli U17","Bundesliga",0,9.4541656,52.9609358,"Bay Leverkusen Germany","St. Pauli U17","Bundesliga",0,6.9946126,51.0157534
"56","Aleksandar Dragovic","Bay Leverkusen Germany","Dynamo Kyiv","Bundesliga",15.3,30.564428,50.32,"Bay Leverkusen Germany","Dynamo Kyiv","Bundesliga",15.3,6.9946126,51.0157534
"57","Renato Sanches","Bayern Munich  Germany","Benfica","Bundesliga",29.75,-43.2397455,-22.8926246,"Bayern Munich  Germany","Benfica","Bundesliga",29.75,11.5819806,48.1351253
"58","Mats Hummels","Bayern Munich  Germany","Bor. Dortmund","Bundesliga",29.75,7.3714033,51.4918469,"Bayern Munich  Germany","Bor. Dortmund","Bundesliga",29.75,11.5819806,48.1351253
"59","Blerim Dzemaili","Bologna Italy","Galatasaray","Serie A",1.11,29.3190451,40.8236671,"Bologna Italy","Galatasaray","Serie A",1.11,11.3426163,44.494887
"60","Deian Boldor","Bologna Italy","Virtus Lanciano","Serie A",0.425,NA,NA,"Bologna Italy","Virtus Lanciano","Serie A",0.425,11.3426163,44.494887
"61","Lorenzo Crisetig","Bologna Italy","Inter","Serie A",2.3,-89.6412899,20.9544631,"Bologna Italy","Inter","Serie A",2.3,11.3426163,44.494887
"62","Andrea Vassallo","Bologna Italy","Milan U19","Serie A",0,-98.527249,29.6133955,"Bologna Italy","Milan U19","Serie A",0,11.3426163,44.494887
"63","Vasilis Torosidis","Bologna Italy","AS Roma","Serie A",0,-58.5214952,-34.6284822,"Bologna Italy","AS Roma","Serie A",0,11.3426163,44.494887
"64","Ladislav Krejcí","Bologna Italy","Sparta Praha","Serie A",3.23,NA,NA,"Bologna Italy","Sparta Praha","Serie A",3.23,11.3426163,44.494887
"65","Lorenzo Musto","Bologna Italy","Torres","Serie A",0,-49.723909,-29.3344108,"Bologna Italy","Torres","Serie A",0,11.3426163,44.494887
"66","Godfred Donsah","Bologna Italy","Cagliari Calcio","Serie A",4.25,9.0901144,39.2132322,"Bologna Italy","Cagliari Calcio","Serie A",4.25,11.3426163,44.494887
"67","Federico Di Francesco","Bologna Italy","Virtus Lanciano","Serie A",1.19,NA,NA,"Bologna Italy","Virtus Lanciano","Serie A",1.19,11.3426163,44.494887
"68","Luca Rizzo","Bologna Italy","Sampdoria","Serie A",5.1,-100.7169119,20.0188739,"Bologna Italy","Sampdoria","Serie A",5.1,11.3426163,44.494887
"69","Ádám Nagy","Bologna Italy","Ferencváros","Serie A",1.28,19.0819885,47.4683766,"Bologna Italy","Ferencváros","Serie A",1.28,11.3426163,44.494887
"70","Simone Verdi","Bologna Italy","AC Milan","Serie A",1.28,6.2230139,50.7654394,"Bologna Italy","AC Milan","Serie A",1.28,11.3426163,44.494887
"71","Marc Bartra","Bor Dortmund Germany","FC Barcelona","Bundesliga",6.8,2.1178229,41.3806915,"Bor Dortmund Germany","FC Barcelona","Bundesliga",6.8,7.3714033,51.4918469
"72","Mario Götze","Bor Dortmund Germany","Bayern Munich ","Bundesliga",18.7,11.5819806,48.1351253,"Bor Dortmund Germany","Bayern Munich ","Bundesliga",18.7,7.3714033,51.4918469
"73","André Schürrle","Bor Dortmund Germany","VfL Wolfsburg","Bundesliga",25.5,10.7979685,52.4257066,"Bor Dortmund Germany","VfL Wolfsburg","Bundesliga",25.5,7.3714033,51.4918469
"74","Emre Mor","Bor Dortmund Germany","Nordsjaelland","Bundesliga",5.95,NA,NA,"Bor Dortmund Germany","Nordsjaelland","Bundesliga",5.95,7.3714033,51.4918469
"75","Raphaël Guerreiro","Bor Dortmund Germany","FC Lorient","Bundesliga",10.2,NA,NA,"Bor Dortmund Germany","FC Lorient","Bundesliga",10.2,7.3714033,51.4918469
"76","Ousmane Dembélé","Bor Dortmund Germany","Rennes","Bundesliga",12.75,-1.6777926,48.117266,"Bor Dortmund Germany","Rennes","Bundesliga",12.75,7.3714033,51.4918469
"77","Sebastian Rode","Bor Dortmund Germany","Bayern Munich ","Bundesliga",10.2,11.5819806,48.1351253,"Bor Dortmund Germany","Bayern Munich ","Bundesliga",10.2,7.3714033,51.4918469
"78","Mikel Merino","Bor Dortmund Germany","CA Osasuna","Bundesliga",3.19,-86.8746827,21.1251616,"Bor Dortmund Germany","CA Osasuna","Bundesliga",3.19,7.3714033,51.4918469
"79","Mamadou Doucouré","Bor M'gladbach Germany","Paris SG B","Bundesliga",0,2.3350238,48.8533958,"Bor M'gladbach Germany","Paris SG B","Bundesliga",0,6.7699489,49.9352107
"80","Tobias Strobl","Bor M'gladbach Germany","TSG Hoffenheim","Bundesliga",0,NA,NA,"Bor M'gladbach Germany","TSG Hoffenheim","Bundesliga",0,6.7699489,49.9352107
"81","Lászlo Bénes","Bor M'gladbach Germany","MSK Zilina","Bundesliga",1.7,NA,NA,"Bor M'gladbach Germany","MSK Zilina","Bundesliga",1.7,6.7699489,49.9352107
"82","Jannik Vestergaard","Bor M'gladbach Germany","Werder Bremen","Bundesliga",10.63,8.809285,53.0696545,"Bor M'gladbach Germany","Werder Bremen","Bundesliga",10.63,6.7699489,49.9352107
"83","Christoph Kramer","Bor M'gladbach Germany","Bay. Leverkusen","Bundesliga",12.75,6.9946126,51.0157534,"Bor M'gladbach Germany","Bay. Leverkusen","Bundesliga",12.75,6.7699489,49.9352107
"84","Lys Mousset","Bournemouth UK","AC Le Havre","Premier league",5.53,NA,NA,"Bournemouth UK","AC Le Havre","Premier league",5.53,-1.880769,50.719164
"85","Emerson Hyndman","Bournemouth UK","Fulham FC","Premier league",0,-0.2470864,51.3912756,"Bournemouth UK","Fulham FC","Premier league",0,-1.880769,50.719164
"86","Jordon Ibe","Bournemouth UK","Liverpool","Premier league",15.3,-2.9915726,53.4083714,"Bournemouth UK","Liverpool","Premier league",15.3,-1.880769,50.719164
"87","Marc Wilson","Bournemouth UK","Stoke City","Premier league",1.96,-2.179404,53.002668,"Bournemouth UK","Stoke City","Premier league",1.96,-1.880769,50.719164
"88","Lewis Cook","Bournemouth UK","Leeds","Premier league",5.95,-1.5490774,53.8007554,"Bournemouth UK","Leeds","Premier league",5.95,-1.880769,50.719164
"89","Brad Smith","Bournemouth UK","Liverpool","Premier league",3.06,-2.9915726,53.4083714,"Bournemouth UK","Liverpool","Premier league",3.06,-1.880769,50.719164
"90","Jeff Hendrick","Burnley Football Club UK","Derby","Premier league",10.03,-1.4746186,52.9225301,"Burnley Football Club UK","Derby","Premier league",10.03,-2.2405035,53.7892877
"91","Steven Defour","Burnley Football Club UK","RSC Anderlecht","Premier league",7.31,NA,NA,"Burnley Football Club UK","RSC Anderlecht","Premier league",7.31,-2.2405035,53.7892877
"92","Johann Berg Gudmundsson","Burnley Football Club UK","Charlton","Premier league",2.55,-71.970074,42.13565,"Burnley Football Club UK","Charlton","Premier league",2.55,-2.2405035,53.7892877
"93","Fran Mérida","CA Osasuna Spain","SD Huesca","La Liga",0.425,NA,NA,"CA Osasuna Spain","SD Huesca","La Liga",0.425,-6.1489372,36.4117625
"94","Javi Álamo","CA Osasuna Spain","Girona FC","La Liga",0,NA,NA,"CA Osasuna Spain","Girona FC","La Liga",0,-6.1489372,36.4117625
"95","Juan Rafael Fuentes","CA Osasuna Spain","Espanyol","La Liga",0,2.641692,39.6293694,"CA Osasuna Spain","Espanyol","La Liga",0,-6.1489372,36.4117625
"96","Fausto","CA Osasuna Spain","AD Alcorcón","La Liga",0,NA,NA,"CA Osasuna Spain","AD Alcorcón","La Liga",0,-6.1489372,36.4117625
"97","Sergio León","CA Osasuna Spain","Elche CF","La Liga",1.45,-0.6690555,38.2645632,"CA Osasuna Spain","Elche CF","La Liga",1.45,-6.1489372,36.4117625
"98","Goran Causic","CA Osasuna Spain","Eskisehirspor","La Liga",0,NA,NA,"CA Osasuna Spain","Eskisehirspor","La Liga",0,-6.1489372,36.4117625
"99","Jaime Romero","CA Osasuna Spain","Udinese Calcio","La Liga",0,13.2056341,46.0408771,"CA Osasuna Spain","Udinese Calcio","La Liga",0,-6.1489372,36.4117625
"100","Carlos Clerc","CA Osasuna Spain","Espanyol","La Liga",0,2.641692,39.6293694,"CA Osasuna Spain","Espanyol","La Liga",0,-6.1489372,36.4117625
"101","Artur Ionita","Cagliari Calcio Italy","Hellas Verona","Serie A",3.83,NA,NA,"Cagliari Calcio Italy","Hellas Verona","Serie A",3.83,9.0901144,39.2132322
"102","Bruno Alves","Cagliari Calcio Italy","Fenerbahce","Serie A",0,24.4447587,36.7252955,"Cagliari Calcio Italy","Fenerbahce","Serie A",0,9.0901144,39.2132322
"103","Marko Pajac","Cagliari Calcio Italy","NK Celje ","Serie A",0.34,NA,NA,"Cagliari Calcio Italy","NK Celje ","Serie A",0.34,9.0901144,39.2132322
"104","Simone Padoin","Cagliari Calcio Italy","Juventus","Serie A",0.51,-100.363932,25.733185,"Cagliari Calcio Italy","Juventus","Serie A",0.51,9.0901144,39.2132322
"105","Marco Borriello","Cagliari Calcio Italy","Atalanta","Serie A",0,-49.7793508,-27.4224135,"Cagliari Calcio Italy","Atalanta","Serie A",0,9.0901144,39.2132322
"106","Mauricio Isla","Cagliari Calcio Italy","Juventus","Serie A",3.4,-100.363932,25.733185,"Cagliari Calcio Italy","Juventus","Serie A",3.4,9.0901144,39.2132322
"107","Mamadou Koné","CD Leganés Spain","Racing","La Liga",1.02,-56.4613157,-34.7445711,NA,NA,NA,NA,NA,NA
"108","Gabriel","CD Leganés Spain","Juventus","La Liga",0.85,-100.363932,25.733185,"Inter Milan Italy","Santos FC","Serie A",25.08,9.314365,45.659238
"109","Gabriel","CD Leganés Spain","Juventus","La Liga",0.85,-100.363932,25.733185,"Inter Milan Italy","Santos FC","Serie A",25.08,9.314365,45.659238
"110","Gabriel","CD Leganés Spain","Juventus","La Liga",0.85,-100.363932,25.733185,"Inter Milan Italy","Santos FC","Serie A",25.08,9.314365,45.659238
"111","Gabriel","CD Leganés Spain","Juventus","La Liga",0.85,-100.363932,25.733185,"Inter Milan Italy","Santos FC","Serie A",25.08,9.314365,45.659238
"112","Diego Rico","CD Leganés Spain","Real Zaragoza","La Liga",0.85,-98.2108921,19.0800113,NA,NA,NA,NA,NA,NA
"113","Carl Medjani","CD Leganés Spain","Levante UD","La Liga",0,-0.3887798,39.4961244,NA,NA,NA,NA,NA,NA
"114","Unai Bustinza","CD Leganés Spain","Athletic Bilbao","La Liga",0,-2.7530628,43.298455,NA,NA,NA,NA,NA,NA
"115","Miguel Ángel Guerrero","CD Leganés Spain","Sporting Gijón","La Liga",0,-5.6386025,43.5347956,NA,NA,NA,NA,NA,NA
"116","Pione Sisto","Sede Real Club Celta de Vigo Spain","FC Midtjylland","La Liga",5.1,NA,NA,"Sede Real Club Celta de Vigo Spain","FC Midtjylland","La Liga",5.1,42.230694,-8.720006
"117","José Naranjo","Sede Real Club Celta de Vigo Spain","Gimnàstic","La Liga",0.85,-0.5222117,38.404561,"Sede Real Club Celta de Vigo Spain","Gimnàstic","La Liga",0.85,42.230694,-8.720006
"118","Facundo Roncaglia","Sede Real Club Celta de Vigo Spain","Fiorentina","La Liga",0,10.5355882,42.9636137,"Sede Real Club Celta de Vigo Spain","Fiorentina","La Liga",0,42.230694,-8.720006
"119","Michy Batshuayi","Chelsea UK","Marseille","Premier league",33.15,5.36978,43.296482,"Chelsea UK","Marseille","Premier league",33.15,-0.174936,51.485093
"120","Marcos Alonso","Chelsea UK","Fiorentina","Premier league",19.55,10.5355882,42.9636137,"Chelsea UK","Fiorentina","Premier league",19.55,-0.174936,51.485093
"121","N'Golo Kanté","Chelsea UK","Leicester","Premier league",30.43,-1.1397592,52.6368778,"Chelsea UK","Leicester","Premier league",30.43,-0.174936,51.485093
"122","David Luiz","Chelsea UK","Paris SG","Premier league",32.73,2.3350238,48.8533958,"Chelsea UK","Paris SG","Premier league",32.73,-0.174936,51.485093
"123","Fabrizio Danese","Chievo Verona Italy","Nuorese","Serie A",0,9.3264377,40.3202421,"Chievo Verona Italy","Nuorese","Serie A",0,10.9466529,45.4575193
"124","Samuel Bastien","Chievo Verona Italy","RSC Anderlecht","Serie A",1.11,NA,NA,"Chievo Verona Italy","RSC Anderlecht","Serie A",1.11,10.9466529,45.4575193
"125","Fabio Daprelà","Chievo Verona Italy","Carpi","Serie A",0,10.8796629,44.7838779,"Chievo Verona Italy","Carpi","Serie A",0,10.9466529,45.4575193
"126","Federico Alonzi","Chievo Verona Italy","Nuorese","Serie A",0,9.3264377,40.3202421,"Chievo Verona Italy","Nuorese","Serie A",0,10.9466529,45.4575193
"127","Paul-José Mpoku","Chievo Verona Italy","Standard Liège","Serie A",3.4,5.545162,50.610246,"Chievo Verona Italy","Standard Liège","Serie A",3.4,10.9466529,45.4575193
"128","Antonio Cinelli","Chievo Verona Italy","Cagliari Calcio","Serie A",0,9.0901144,39.2132322,"Chievo Verona Italy","Cagliari Calcio","Serie A",0,10.9466529,45.4575193
"129","Luca Baldassin","Chievo Verona Italy","Padova","Serie A",0,11.8767611,45.4064349,"Chievo Verona Italy","Padova","Serie A",0,10.9466529,45.4575193
"130","Sergio Cruz","Chievo Verona Italy","Lumezzane","Serie A",0,10.2654082,45.6474809,"Chievo Verona Italy","Lumezzane","Serie A",0,10.9466529,45.4575193
"131","Ante Budimir","Crotone Italy","FC St. Pauli","Serie A",0.85,NA,NA,"Crotone Italy","FC St. Pauli","Serie A",0.85,17.1271102,39.0807932
"132","Ante Budimir","Crotone Italy","FC St. Pauli","Serie A",0.85,NA,NA,"Sampdoria Italy","Crotone","Serie A",1.53,8.9526748,44.4155383
"133","Noë Dussenne","Crotone Italy","Mouscron","Serie A",0.808,3.2192907,50.7459126,"Crotone Italy","Mouscron","Serie A",0.808,17.1271102,39.0807932
"134","Marcus Rohdén","Crotone Italy","IF Elfsborg","Serie A",0.425,NA,NA,"Crotone Italy","IF Elfsborg","Serie A",0.425,17.1271102,39.0807932
"135","Andrea Mazzarani","Crotone Italy","Modena FC","Serie A",0,12.4034644,44.0961527,"Crotone Italy","Modena FC","Serie A",0,17.1271102,39.0807932
"136","Leonardo Capezzi","Crotone Italy","Fiorentina","Serie A",0.68,10.5355882,42.9636137,"Crotone Italy","Fiorentina","Serie A",0.68,17.1271102,39.0807932
"137","Leonardo Capezzi","Crotone Italy","Fiorentina","Serie A",0.68,10.5355882,42.9636137,"Sampdoria Italy","Crotone","Serie A",0.85,8.9526748,44.4155383
"138","Simy","Crotone Italy","Portimonense","Serie A",0.723,NA,NA,"Crotone Italy","Portimonense","Serie A",0.723,17.1271102,39.0807932
"139","Andrea Nalini","Crotone Italy","Salernitana","Serie A",0,13.512867,38.0829586,"Crotone Italy","Salernitana","Serie A",0,17.1271102,39.0807932
"140","Nicolò Fazzi","Crotone Italy","Fiorentina","Serie A",0.043,10.5355882,42.9636137,"Crotone Italy","Fiorentina","Serie A",0.043,17.1271102,39.0807932
"141","Andrea Scicchitano","Crotone Italy","Racing Roma","Serie A",0,-76.2248645,41.9957845,"Crotone Italy","Racing Roma","Serie A",0,17.1271102,39.0807932
"142","Mario Sampirisi","Crotone Italy","Vicenza","Serie A",0,11.5354214,45.5454787,"Crotone Italy","Vicenza","Serie A",0,17.1271102,39.0807932
"143","Aleksandar Tonev","Crotone Italy","Frosinone","Serie A",0,13.3426341,41.6396009,"Crotone Italy","Frosinone","Serie A",0,17.1271102,39.0807932
"144","Federico Ceccherini","Crotone Italy","AS Livorno","Serie A",0.765,10.3105674,43.548473,"Crotone Italy","AS Livorno","Serie A",0.765,17.1271102,39.0807932
"145","Jonathan Benteke","Crystal Palace UK","Zulte Waregem","Premier league",0.085,3.4231317,50.8869521,"Crystal Palace UK","Zulte Waregem","Premier league",0.085,-0.0785415,51.4198825
"146","James Tomkins","Crystal Palace UK","West Ham","Premier league",9.95,-1.1139932,51.2641437,"Crystal Palace UK","West Ham","Premier league",9.95,-0.0785415,51.4198825
"147","Christian Benteke","Crystal Palace UK","Liverpool","Premier league",26.52,-2.9915726,53.4083714,"Crystal Palace UK","Liverpool","Premier league",26.52,-0.0785415,51.4198825
"148","Andros Townsend","Crystal Palace UK","Newcastle","Premier league",13.26,-1.61778,54.978252,"Crystal Palace UK","Newcastle","Premier league",13.26,-0.0785415,51.4198825
"149","Juanfran","Dep La Coruña Spain","Watford","La Liga",0,-0.39032,51.656489,"SD Eibar Spain","Villanovense","La Liga",0,-2.4715422,43.1832096
"150","Juanfran","Dep La Coruña Spain","Watford","La Liga",0,-0.39032,51.656489,"SD Eibar Spain","Villanovense","La Liga",0,-2.4715422,43.1832096
"151","Bruno Gama","Dep La Coruña Spain","Dnipro","La Liga",0,35.046183,48.464717,NA,NA,NA,NA,NA,NA
"152","Juanfran","Dep La Coruña Spain","Watford","La Liga",0,-0.39032,51.656489,"SD Eibar Spain","Villanovense","La Liga",0,-2.4715422,43.1832096
"153","Juanfran","Dep La Coruña Spain","Watford","La Liga",0,-0.39032,51.656489,"SD Eibar Spain","Villanovense","La Liga",0,-2.4715422,43.1832096
"154","Borja Valle","Dep La Coruña Spain","Real Oviedo","La Liga",0,-103.4025959,20.7593298,NA,NA,NA,NA,NA,NA
"155","Raúl Albentosa","Dep La Coruña Spain","Derby","La Liga",0.68,-1.4746186,52.9225301,NA,NA,NA,NA,NA,NA
"156","Emre Colak","Dep La Coruña Spain","Galatasaray","La Liga",0,29.3190451,40.8236671,NA,NA,NA,NA,NA,NA
"157","Florin Andone","Dep La Coruña Spain","Córdoba CF","La Liga",3.4,-58.410285,-34.5981075,NA,NA,NA,NA,NA,NA
"158","Fayçal Fajr","Dep La Coruña Spain","Elche CF","La Liga",0,-0.6690555,38.2645632,NA,NA,NA,NA,NA,NA
"159","Ádám Lang","Dijon France","Videoton FC","Ligue 1",0.85,NA,NA,"Dijon France","Videoton FC","Ligue 1",0.85,5.04148,47.322047
"160","Arnold Bouka Moutou","Dijon France","SCO Angers","Ligue 1",0.34,NA,NA,"Dijon France","SCO Angers","Ligue 1",0.34,5.04148,47.322047
"161","Mehdi Abeid","Dijon France","Panathinaikos","Ligue 1",0.213,NA,NA,"Dijon France","Panathinaikos","Ligue 1",0.213,5.04148,47.322047
"162","Yunis Abdelhamid","Dijon France","FC Valenciennes","Ligue 1",0,3.518332,50.357113,"Dijon France","FC Valenciennes","Ligue 1",0,5.04148,47.322047
"163","Valentin Rosier","Dijon France","Rodez AF","Ligue 1",0,NA,NA,"Dijon France","Rodez AF","Ligue 1",0,5.04148,47.322047
"164","Vincent Rüfli","Dijon France","FC Sion","Ligue 1",0,-6.5030396,53.3655799,"Dijon France","FC Sion","Ligue 1",0,5.04148,47.322047
"165","Guillaume Sarrabayrouse","Dijon France","US Colomiers","Ligue 1",0,1.336579,43.612189,"Dijon France","US Colomiers","Ligue 1",0,5.04148,47.322047
"166","Florent Balmont","Dijon France","LOSC Lille","Ligue 1",0,3.057256,50.62925,"Dijon France","LOSC Lille","Ligue 1",0,5.04148,47.322047
"167","Branimir Hrgota","E Frankfurt Germany","Bor. M'gladbach","Bundesliga",0,NA,NA,"E Frankfurt Germany","Bor. M'gladbach","Bundesliga",0,8.6821267,50.1109221
"168","Omar Mascarell","E Frankfurt Germany","Real Madrid","Bundesliga",0.85,-99.136043,19.2932645,"E Frankfurt Germany","Real Madrid","Bundesliga",0.85,8.6821267,50.1109221
"169","Taleb Tawatha","E Frankfurt Germany","Maccabi Haifa","Bundesliga",1.02,35.07644,32.82672,"E Frankfurt Germany","Maccabi Haifa","Bundesliga",1.02,8.6821267,50.1109221
"170","Danny Blum","E Frankfurt Germany","1.FC Nuremberg","Bundesliga",0,11.3486838,49.5679426,"E Frankfurt Germany","1.FC Nuremberg","Bundesliga",0,8.6821267,50.1109221
"171","Álvaro Vázquez","Espanyol Spain","Getafe CF","La Liga",1.7,NA,NA,"Espanyol Spain","Getafe CF","La Liga",1.7,2.641692,39.6293694
"172","Javi Fuego","Espanyol Spain","Valencia CF","La Liga",0.85,-0.5104759,39.0643597,"Espanyol Spain","Valencia CF","La Liga",0.85,2.641692,39.6293694
"173","Leo Baptistão","Espanyol Spain","Atlético Madrid","La Liga",2.98,-3.7423397,40.3757325,"Espanyol Spain","Atlético Madrid","La Liga",2.98,2.641692,39.6293694
"174","Martín Demichelis","Espanyol Spain","Manchester City","La Liga",0,-71.4547891,42.9956397,"Espanyol Spain","Manchester City","La Liga",0,2.641692,39.6293694
"175","José Manuel Jurado","Espanyol Spain","Watford","La Liga",1.02,-0.39032,51.656489,"Espanyol Spain","Watford","La Liga",1.02,2.641692,39.6293694
"176","David López","Espanyol Spain","SSC Napoli","La Liga",3.4,NA,NA,"Espanyol Spain","SSC Napoli","La Liga",3.4,2.641692,39.6293694
"177","José Antonio Reyes","Espanyol Spain","Sevilla FC","La Liga",0,-109.9259886,27.4907255,"Espanyol Spain","Sevilla FC","La Liga",0,2.641692,39.6293694
"178","Idrissa Gueye","Everton UK","Aston Villa","Premier league",7.23,-77.7914471,43.0824364,"Everton UK","Aston Villa","Premier league",7.23,-1.5919542,50.7459045
"179","Yannick Bolasie","Everton UK","Crystal Palace","Premier league",24.57,-80.0032,40.4398,"Everton UK","Crystal Palace","Premier league",24.57,-1.5919542,50.7459045
"180","Dominic Calvert-Lewin","Everton UK","Sheffield Utd.","Premier league",1.53,-99.4595271,27.5197721,"Everton UK","Sheffield Utd.","Premier league",1.53,-1.5919542,50.7459045
"181","Ashley Williams","Everton UK","Swansea","Premier league",11.9,-3.943646,51.62144,"Everton UK","Swansea","Premier league",11.9,-1.5919542,50.7459045
"182","Alfred Finnbogason","Augsburg FC Germany","Real Sociedad","Bundesliga",3.4,-101.6462224,21.1502441,"Augsburg FC Germany","Real Sociedad","Bundesliga",3.4,10.89779,48.3705449
"183","Georg Teigl","Augsburg FC Germany","RB Leipzig","Bundesliga",0,12.3515611,51.3461081,"Augsburg FC Germany","RB Leipzig","Bundesliga",0,10.89779,48.3705449
"184","Marvin Friedrich","Augsburg FC Germany","FC Schalke 04","Bundesliga",0.85,NA,NA,"Augsburg FC Germany","FC Schalke 04","Bundesliga",0.85,10.89779,48.3705449
"185","Jonathan Schmid","Augsburg FC Germany","TSG Hoffenheim","Bundesliga",4.42,NA,NA,"Augsburg FC Germany","TSG Hoffenheim","Bundesliga",4.42,10.89779,48.3705449
"186","Gojko Kacar","Augsburg FC Germany","Hamburger SV","Bundesliga",0,16.3378572,57.6027778,"Augsburg FC Germany","Hamburger SV","Bundesliga",0,10.89779,48.3705449
"187","Takashi Usami","Augsburg FC Germany","Gamba Osaka","Bundesliga",1.28,NA,NA,"Augsburg FC Germany","Gamba Osaka","Bundesliga",1.28,10.89779,48.3705449
"188","Martin Hinteregger","Augsburg FC Germany","RB Salzburg","Bundesliga",5.95,13.000092,47.815426,"Augsburg FC Germany","RB Salzburg","Bundesliga",5.95,10.89779,48.3705449
"189","André Gomes","FC Barcelona Spain","Valencia CF","La Liga",29.75,-0.5104759,39.0643597,"FC Barcelona Spain","Valencia CF","La Liga",29.75,2.1178229,41.3806915
"190","Lucas Digne","FC Barcelona Spain","Paris SG","La Liga",14.03,2.3350238,48.8533958,"FC Barcelona Spain","Paris SG","La Liga",14.03,2.1178229,41.3806915
"191","Denis Suárez","FC Barcelona Spain","Villarreal CF","La Liga",2.76,-0.1165001,39.9391986,"FC Barcelona Spain","Villarreal CF","La Liga",2.76,2.1178229,41.3806915
"192","Samuel Umtiti","FC Barcelona Spain","Olympique Lyon","La Liga",21.25,-87.7962098,41.7304326,"FC Barcelona Spain","Olympique Lyon","La Liga",21.25,2.1178229,41.3806915
"193","Paco Alcácer","FC Barcelona Spain","Valencia CF","La Liga",25.5,-0.5104759,39.0643597,"FC Barcelona Spain","Valencia CF","La Liga",25.5,2.1178229,41.3806915
"194","Matheus Pereira","FC Empoli Italy","Corinthians","Serie A",1.7,-121.7174504,40.5618791,"FC Empoli Italy","Corinthians","Serie A",1.7,12.2253049,44.1325193
"195","Alberto Gilardino","FC Empoli Italy","US Palermo","Serie A",0,-121.5380243,39.4354432,"FC Empoli Italy","US Palermo","Serie A",0,12.2253049,44.1325193
"196","Manuel Pasqual","FC Empoli Italy","Fiorentina","Serie A",0,10.5355882,42.9636137,"FC Empoli Italy","Fiorentina","Serie A",0,12.2253049,44.1325193
"197","Marcel Büchel","FC Empoli Italy","Juventus","Serie A",1.02,-100.363932,25.733185,"FC Empoli Italy","Juventus","Serie A",1.02,12.2253049,44.1325193
"198","Frédéric Veseli","FC Empoli Italy","FC Lugano","Serie A",0,NA,NA,"FC Empoli Italy","FC Lugano","Serie A",0,12.2253049,44.1325193
"199","Nico Rinderknecht","FC Ingolstadt Germany","Frankfurt U19","Bundesliga",0,-102.4527227,33.6209429,"FC Ingolstadt Germany","Frankfurt U19","Bundesliga",0,11.4257541,48.7665351
"200","Kerem Bülbül","FC Ingolstadt Germany","Hertha BSC II","Bundesliga",0,NA,NA,"FC Ingolstadt Germany","Hertha BSC II","Bundesliga",0,11.4257541,48.7665351
"201","Sonny Kittel","FC Ingolstadt Germany","E. Frankfurt","Bundesliga",0,8.6821267,50.1109221,"FC Ingolstadt Germany","E. Frankfurt","Bundesliga",0,11.4257541,48.7665351
"202","Marcel Tisserand","FC Ingolstadt Germany","Monaco","Bundesliga",2.55,7.4246158,43.7384176,"FC Ingolstadt Germany","Monaco","Bundesliga",2.55,11.4257541,48.7665351
"203","Robert Leipertz","FC Ingolstadt Germany","FC Schalke 04","Bundesliga",1.28,NA,NA,"FC Ingolstadt Germany","FC Schalke 04","Bundesliga",1.28,11.4257541,48.7665351
"204","Robert Leipertz","FC Ingolstadt Germany","FC Schalke 04","Bundesliga",1.28,NA,NA,"Schalke 04 FC   Germany","1.FC Heidenheim","Bundesliga",0.255,51.558816,7.06385
"205","Hauke Wahl","FC Ingolstadt Germany","SC Paderborn","Bundesliga",0,-48.6240564,-26.9996295,"FC Ingolstadt Germany","SC Paderborn","Bundesliga",0,11.4257541,48.7665351
"206","Florent Hadergjonaj","FC Ingolstadt Germany","BSC Young Boys","Bundesliga",1.7,NA,NA,"FC Ingolstadt Germany","BSC Young Boys","Bundesliga",1.7,11.4257541,48.7665351
"207","Faïz Selemani","Lorient FC France","FC Niort","Ligue 1",0.765,-0.464777,46.323716,"Lorient FC France","FC Niort","Ligue 1",0.765,-3.3702449,47.7482524
"208","Cafú","Lorient FC France","Vit. Guimarães","Ligue 1",1.7,-35.2946633,-8.1091303,"Lorient FC France","Vit. Guimarães","Ligue 1",1.7,-3.3702449,47.7482524
"209","Lindsay Rose","Lorient FC France","Olympique Lyon","Ligue 1",1.28,-87.7962098,41.7304326,"Lorient FC France","Olympique Lyon","Ligue 1",1.28,-3.3702449,47.7482524
"210","Yann Jouffre","FC Metz France","FC Lorient","Ligue 1",0,NA,NA,NA,NA,NA,NA,NA,NA
"211","Milan Bisevac","FC Metz France","Lazio","Ligue 1",0,12.989615,41.6552418,NA,NA,NA,NA,NA,NA
"212","Opa Nguette","FC Metz France","FC Valenciennes","Ligue 1",0,3.518332,50.357113,NA,NA,NA,NA,NA,NA
"213","Franck Signorino","FC Metz France","Reims","Ligue 1",0,4.031696,49.258329,NA,NA,NA,NA,NA,NA
"214","Benoît Assou-Ekotto","FC Metz France","Saint-Étienne","Ligue 1",0,4.3871779,45.439695,NA,NA,NA,NA,NA,NA
"215","Diego Carlos","FC Nantes France","Estoril","Ligue 1",1.7,-9.3936558,38.7133152,"FC Nantes France","Estoril","Ligue 1",1.7,-1.553621,47.218371
"216","Mariusz Stepinski","FC Nantes France","Ruch Chorzow","Ligue 1",1.7,18.943618,50.2836215,"FC Nantes France","Ruch Chorzow","Ligue 1",1.7,-1.553621,47.218371
"217","Lucas Lima","FC Nantes France","Arouca","Ligue 1",0.935,-8.245099,40.9321489,"FC Nantes France","Arouca","Ligue 1",0.935,-1.553621,47.218371
"218","Nicolaj Thomsen","FC Nantes France","Aalborg BK","Ligue 1",0.51,NA,NA,"FC Nantes France","Aalborg BK","Ligue 1",0.51,-1.553621,47.218371
"219","Alexander Kacaniklic","FC Nantes France","Fulham FC","Ligue 1",0,-0.2470864,51.3912756,"FC Nantes France","Fulham FC","Ligue 1",0,-1.553621,47.218371
"220","Benjamin Stambouli","Schalke 04 FC   Germany","Paris SG","Bundesliga",7.23,2.3350238,48.8533958,"Schalke 04 FC   Germany","Paris SG","Bundesliga",7.23,51.558816,7.06385
"221","Coke","Schalke 04 FC   Germany","Sevilla FC","Bundesliga",3.4,-109.9259886,27.4907255,"Schalke 04 FC   Germany","Sevilla FC","Bundesliga",3.4,51.558816,7.06385
"222","Robert Leipertz","Schalke 04 FC   Germany","1.FC Heidenheim","Bundesliga",0.255,10.1610948,48.6893963,"FC Ingolstadt Germany","FC Schalke 04","Bundesliga",1.28,11.4257541,48.7665351
"223","Robert Leipertz","Schalke 04 FC   Germany","1.FC Heidenheim","Bundesliga",0.255,10.1610948,48.6893963,"Schalke 04 FC   Germany","1.FC Heidenheim","Bundesliga",0.255,51.558816,7.06385
"224","Breel Embolo","Schalke 04 FC   Germany","FC Basel","Bundesliga",19.13,NA,NA,"Schalke 04 FC   Germany","FC Basel","Bundesliga",19.13,51.558816,7.06385
"225","Naldo","Schalke 04 FC   Germany","VfL Wolfsburg","Bundesliga",0,10.7979685,52.4257066,"Schalke 04 FC   Germany","VfL Wolfsburg","Bundesliga",0,51.558816,7.06385
"226","Kevin Diks","Fiorentina Italy","Vitesse","Serie A",2.38,137.7577072,34.7298543,"Fiorentina Italy","Vitesse","Serie A",2.38,10.5355882,42.9636137
"227","Hrvoje Milic","Fiorentina Italy","Hajduk Split","Serie A",0.85,NA,NA,"Fiorentina Italy","Hajduk Split","Serie A",0.85,10.5355882,42.9636137
"228","Davide Astori","Fiorentina Italy","Cagliari Calcio","Serie A",2.98,9.0901144,39.2132322,"Fiorentina Italy","Cagliari Calcio","Serie A",2.98,10.5355882,42.9636137
"229","Ianis Hagi","Fiorentina Italy","FC Viitorul","Serie A",1.7,26.7703412,44.6087232,"Fiorentina Italy","FC Viitorul","Serie A",1.7,10.5355882,42.9636137
"230","Jérémy Ménez","G Bordeaux France","AC Milan","Ligue 1",0,6.2230139,50.7654394,"G Bordeaux France","AC Milan","Ligue 1",0,-0.57918,44.837789
"231","François Kamano","G Bordeaux France","SC Bastia","Ligue 1",2.13,-80.8614958,35.0383688,"G Bordeaux France","SC Bastia","Ligue 1",2.13,-0.57918,44.837789
"232","Jérémy Toulalan","G Bordeaux France","Monaco","Ligue 1",0,7.4246158,43.7384176,"G Bordeaux France","Monaco","Ligue 1",0,-0.57918,44.837789
"233","Igor Lewczuk","G Bordeaux France","Legia Warszawa","Ligue 1",0.85,21.04523,52.22095,"G Bordeaux France","Legia Warszawa","Ligue 1",0.85,-0.57918,44.837789
"234","Lucas Orbán","Genoa Italy","Valencia CF","Serie A",0,-0.5104759,39.0643597,"Genoa Italy","Valencia CF","Serie A",0,8.946256,44.4056499
"235","Cristian Ansaldi","Genoa Italy","Zenit S-Pb","Serie A",3.4,75.8253215,30.9258866,"Genoa Italy","Zenit S-Pb","Serie A",3.4,8.946256,44.4056499
"236","Cristian Ansaldi","Genoa Italy","Zenit S-Pb","Serie A",3.4,75.8253215,30.9258866,"Inter Milan Italy","Genoa","Serie A",5.1,9.314365,45.659238
"237","Santiago Gentiletti","Genoa Italy","Lazio","Serie A",0.425,12.989615,41.6552418,"Genoa Italy","Lazio","Serie A",0.425,8.946256,44.4056499
"238","Diego Laxalt","Genoa Italy","Inter","Serie A",3.4,-89.6412899,20.9544631,"Genoa Italy","Inter","Serie A",3.4,8.946256,44.4056499
"239","Giovanni Simeone","Genoa Italy","River Plate","Serie A",2.55,-56.741207,-35.1944557,"Genoa Italy","River Plate","Serie A",2.55,8.946256,44.4056499
"240","Davide Biraschi","Genoa Italy","Avellino","Serie A",1.36,14.7906121,40.914388,"Genoa Italy","Avellino","Serie A",1.36,8.946256,44.4056499
"241","Miguel Veloso","Genoa Italy","Dynamo Kyiv","Serie A",0,30.564428,50.32,"Genoa Italy","Dynamo Kyiv","Serie A",0,8.946256,44.4056499
"242","Bartosz Wolski","Genoa Italy","Latina U19","Serie A",0,-117.8194417,33.6817096,"Genoa Italy","Latina U19","Serie A",0,8.946256,44.4056499
"243","Nikola Ninkovic","Genoa Italy","Chievo Verona","Serie A",0.468,10.9466529,45.4575193,"Genoa Italy","Chievo Verona","Serie A",0.468,8.946256,44.4056499
"244","Omer Atzili","Granada CF Spain","B. Jerusalem","La Liga",0.638,35.21371,31.768319,"Granada CF Spain","B. Jerusalem","La Liga",0.638,-3.0106774,36.7460566
"245","Tito","Granada CF Spain","Rayo Vallecano","La Liga",0,-70.5831446,-33.5191938,"Granada CF Spain","Rayo Vallecano","La Liga",0,-3.0106774,36.7460566
"246","Matthieu Saunier","Granada CF Spain","Troyes","La Liga",0,4.0744009,48.2973451,"Granada CF Spain","Troyes","La Liga",0,-3.0106774,36.7460566
"247","José Angulo","Granada CF Spain","Independiente","La Liga",3.42,-109.6332428,26.9164761,"Granada CF Spain","Independiente","La Liga",3.42,-3.0106774,36.7460566
"248","Mehdi Carcela-González","Granada CF Spain","Benfica","La Liga",3.4,-43.2397455,-22.8926246,"Granada CF Spain","Benfica","La Liga",3.4,-3.0106774,36.7460566
"249","Alexandre Mendy","Guingamp France","OGC Nice","Ligue 1",0,NA,NA,NA,NA,NA,NA,NA,NA
"250","Douglas Santos","Hamburger SV Germany","Atlético-MG","Bundesliga",6.38,-43.8915588,-19.8680952,"Hamburger SV Germany","Atlético-MG","Bundesliga",6.38,9.9044926,53.6617101
"251","Filip Kostic","Hamburger SV Germany","VfB Stuttgart","Bundesliga",11.9,NA,NA,"Hamburger SV Germany","VfB Stuttgart","Bundesliga",11.9,9.9044926,53.6617101
"252","Bobby Wood","Hamburger SV Germany","Union Berlin","Bundesliga",2.98,-83.816546,39.396189,"Hamburger SV Germany","Union Berlin","Bundesliga",2.98,9.9044926,53.6617101
"253","Luca Waldschmidt","Hamburger SV Germany","E. Frankfurt","Bundesliga",1.11,8.6821267,50.1109221,"Hamburger SV Germany","E. Frankfurt","Bundesliga",1.11,9.9044926,53.6617101
"254","Arianit Ferati","Hamburger SV Germany","VfB Stuttgart","Bundesliga",0.723,NA,NA,"Hamburger SV Germany","VfB Stuttgart","Bundesliga",0.723,9.9044926,53.6617101
"255","Alen Halilovic","Hamburger SV Germany","FC Barcelona","Bundesliga",4.25,2.1178229,41.3806915,"Hamburger SV Germany","FC Barcelona","Bundesliga",4.25,9.9044926,53.6617101
"256","Ondrej Duda","Hertha Berlin Germany","Legia Warszawa","Bundesliga",3.57,21.04523,52.22095,"Hertha Berlin Germany","Legia Warszawa","Bundesliga",3.57,13.2802528,52.4876874
"257","Alexander Esswein","Hertha Berlin Germany","FC Augsburg","Bundesliga",2.13,NA,NA,"Hertha Berlin Germany","FC Augsburg","Bundesliga",2.13,13.2802528,52.4876874
"258","Vedad Ibisevic","Hertha Berlin Germany","VfB Stuttgart","Bundesliga",0,NA,NA,"Hertha Berlin Germany","VfB Stuttgart","Bundesliga",0,13.2802528,52.4876874
"259","James Weir","Hull City UK","Man Utd U23","Premier league",0.17,-118.4120366,33.9597525,"Hull City UK","Man Utd U23","Premier league",0.17,-0.3367413,53.7456709
"260","Ryan Mason","Hull City UK","Spurs","Premier league",13.09,-109.30151,35.1709339,"Hull City UK","Spurs","Premier league",13.09,-0.3367413,53.7456709
"261","Markus Henriksen","Hull City UK","AZ Alkmaar","Premier league",4.51,4.7601215,52.62921,"Hull City UK","AZ Alkmaar","Premier league",4.51,-0.3367413,53.7456709
"262","Will Keane","Hull City UK","Manchester Utd.","Premier league",1.02,-118.3425748,33.9600196,"Hull City UK","Manchester Utd.","Premier league",1.02,-0.3367413,53.7456709
"263","Antonio Candreva","Inter Milan Italy","Lazio","Serie A",18.7,12.989615,41.6552418,"Inter Milan Italy","Lazio","Serie A",18.7,9.314365,45.659238
"264","Gianluca Caprari","Inter Milan Italy","Pescara","Serie A",3.83,14.2160898,42.4617902,"Inter Milan Italy","Pescara","Serie A",3.83,9.314365,45.659238
"265","Marcelo Brozovic","Inter Milan Italy","Dinamo Zagreb","Serie A",4.25,16.1163926,45.7062291,"Inter Milan Italy","Dinamo Zagreb","Serie A",4.25,9.314365,45.659238
"266","Gabriel","Inter Milan Italy","Santos FC","Serie A",25.08,121.0129285,14.4528924,"Inter Milan Italy","Santos FC","Serie A",25.08,9.314365,45.659238
"267","Gabriel","Inter Milan Italy","Santos FC","Serie A",25.08,121.0129285,14.4528924,"Inter Milan Italy","Santos FC","Serie A",25.08,9.314365,45.659238
"268","Stevan Jovetic","Inter Milan Italy","Manchester City","Serie A",12.33,-71.4547891,42.9956397,"Inter Milan Italy","Manchester City","Serie A",12.33,9.314365,45.659238
"269","João Mário","Inter Milan Italy","Sporting CP","Serie A",34,-76.9714224,40.2313116,"Inter Milan Italy","Sporting CP","Serie A",34,9.314365,45.659238
"270","Caner Erkin","Inter Milan Italy","Fenerbahce","Serie A",0,24.4447587,36.7252955,"Inter Milan Italy","Fenerbahce","Serie A",0,9.314365,45.659238
"271","Éver Banega","Inter Milan Italy","Sevilla FC","Serie A",0,-109.9259886,27.4907255,"Inter Milan Italy","Sevilla FC","Serie A",0,9.314365,45.659238
"272","Dodô","Inter Milan Italy","AS Roma","Serie A",6.63,-58.5214952,-34.6284822,"Inter Milan Italy","AS Roma","Serie A",6.63,9.314365,45.659238
"273","Cristian Ansaldi","Inter Milan Italy","Genoa","Serie A",5.1,8.946256,44.4056499,"Genoa Italy","Zenit S-Pb","Serie A",3.4,8.946256,44.4056499
"274","Cristian Ansaldi","Inter Milan Italy","Genoa","Serie A",5.1,8.946256,44.4056499,"Inter Milan Italy","Genoa","Serie A",5.1,9.314365,45.659238
"275","Rey Manaj","Inter Milan Italy","Cremonese","Serie A",0.425,-116.8728141,32.5103649,"Inter Milan Italy","Cremonese","Serie A",0.425,9.314365,45.659238
"276","Gabriel","Inter Milan Italy","Santos FC","Serie A",25.08,121.0129285,14.4528924,"Inter Milan Italy","Santos FC","Serie A",25.08,9.314365,45.659238
"277","Gabriel","Inter Milan Italy","Santos FC","Serie A",25.08,121.0129285,14.4528924,"Inter Milan Italy","Santos FC","Serie A",25.08,9.314365,45.659238
"278","Simone Ganz","Juventus Turin Italy","Como","Serie A",0,9.0851765,45.8080597,"Juventus Turin Italy","Como","Serie A",0,7.61394,44.97794
"279","Mario Lemina","Juventus Turin Italy","Marseille","Serie A",8.08,5.36978,43.296482,"Juventus Turin Italy","Marseille","Serie A",8.08,7.61394,44.97794
"280","Miralem Pjanic","Juventus Turin Italy","AS Roma","Serie A",27.2,-58.5214952,-34.6284822,"Juventus Turin Italy","AS Roma","Serie A",27.2,7.61394,44.97794
"281","Dani Alves","Juventus Turin Italy","FC Barcelona","Serie A",0,2.1178229,41.3806915,"Juventus Turin Italy","FC Barcelona","Serie A",0,7.61394,44.97794
"282","Marko Pjaca","Juventus Turin Italy","Dinamo Zagreb","Serie A",19.55,16.1163926,45.7062291,"Juventus Turin Italy","Dinamo Zagreb","Serie A",19.55,7.61394,44.97794
"283","Gonzalo Higuaín","Juventus Turin Italy","SSC Napoli","Serie A",76.5,NA,NA,"Juventus Turin Italy","SSC Napoli","Serie A",76.5,7.61394,44.97794
"284","Jordan Lukaku","Lazio Italy","KV Oostende","Serie A",4.25,2.928656,51.21543,"Lazio Italy","KV Oostende","Serie A",4.25,12.989615,41.6552418
"285","Luis Alberto","Lazio Italy","Liverpool","Serie A",4.25,-2.9915726,53.4083714,"Lazio Italy","Liverpool","Serie A",4.25,12.989615,41.6552418
"286","Bastos","Lazio Italy","Rostov","Serie A",5.53,39.701505,47.2357137,"Lazio Italy","Rostov","Serie A",5.53,12.989615,41.6552418
"287","Moritz Leitner","Lazio Italy","Bor. Dortmund","Serie A",1.7,7.3714033,51.4918469,"Lazio Italy","Bor. Dortmund","Serie A",1.7,12.989615,41.6552418
"288","Ciro Immobile","Lazio Italy","Sevilla FC","Serie A",7.23,-109.9259886,27.4907255,"Lazio Italy","Sevilla FC","Serie A",7.23,12.989615,41.6552418
"289","Wallace","Lazio Italy","Braga","Serie A",6.8,-8.426507,41.5454486,"Lazio Italy","Braga","Serie A",6.8,12.989615,41.6552418
"290","Islam Slimani","Leicester UK","Sporting CP","Premier league",25.5,-76.9714224,40.2313116,"Leicester UK","Sporting CP","Premier league",25.5,-1.1397592,52.6368778
"291","Luis Hernández","Leicester UK","Sporting Gijón","Premier league",0,-5.6386025,43.5347956,"Leicester UK","Sporting Gijón","Premier league",0,-1.1397592,52.6368778
"292","Ahmed Musa","Leicester UK","CSKA Moscow","Premier league",16.58,37.436128,55.817478,"Leicester UK","CSKA Moscow","Premier league",16.58,-1.1397592,52.6368778
"293","Bartosz Kapustka","Leicester UK","Cracovia Kraków","Premier league",7.65,19.9449799,50.0646501,"Leicester UK","Cracovia Kraków","Premier league",7.65,-1.1397592,52.6368778
"294","Nampalys Mendy","Leicester UK","OGC Nice","Premier league",13.18,NA,NA,"Leicester UK","OGC Nice","Premier league",13.18,-1.1397592,52.6368778
"295","Ragnar Klavan","Liverpool UK","FC Augsburg","Premier league",4.25,NA,NA,"Liverpool UK","FC Augsburg","Premier league",4.25,-2.9915726,53.4083714
"296","Georginio Wijnaldum","Liverpool UK","Newcastle","Premier league",23.38,-1.61778,54.978252,"Liverpool UK","Newcastle","Premier league",23.38,-2.9915726,53.4083714
"297","Sadio Mané","Liverpool UK","Southampton","Premier league",35.02,-1.4043509,50.9097004,"Liverpool UK","Southampton","Premier league",35.02,-2.9915726,53.4083714
"298","Joel Matip","Liverpool UK","FC Schalke 04","Premier league",0,NA,NA,"Liverpool UK","FC Schalke 04","Premier league",0,-2.9915726,53.4083714
"299","Éder","LOSC Lille France","Swansea","Ligue 1",3.83,-3.943646,51.62144,"LOSC Lille France","Swansea","Ligue 1",3.83,3.057256,50.62925
"300","Julian Palmieri","LOSC Lille France","SC Bastia","Ligue 1",0,-80.8614958,35.0383688,"LOSC Lille France","SC Bastia","Ligue 1",0,3.057256,50.62925
"301","Jony","Málaga CF Spain","Sporting Gijón","La Liga",0,-5.6386025,43.5347956,NA,NA,NA,NA,NA,NA
"302","Miguel Cifuentes","Málaga CF Spain","Elche CF","La Liga",0,-0.6690555,38.2645632,NA,NA,NA,NA,NA,NA
"303","Mikel Villanueva","Málaga CF Spain","Deportivo Lara","La Liga",0.255,-97.4273474,20.5108831,NA,NA,NA,NA,NA,NA
"304","Keko","Málaga CF Spain","SD Eibar","La Liga",4.25,NA,NA,NA,NA,NA,NA,NA,NA
"305","Sandro Ramírez","Málaga CF Spain","FC Barcelona","La Liga",0,2.1178229,41.3806915,NA,NA,NA,NA,NA,NA
"306","Bakary Koné","Málaga CF Spain","Olympique Lyon","La Liga",0.68,-87.7962098,41.7304326,NA,NA,NA,NA,NA,NA
"307","Michael Santos","Málaga CF Spain","River Plate","La Liga",3.4,-56.741207,-35.1944557,NA,NA,NA,NA,NA,NA
"308","John Stones","Manchester City UK","Everton","Premier league",47.26,-93.702428,37.3425477,"Manchester City UK","Everton","Premier league",47.26,-2.2426305,53.4807593
"309","Nolito","Manchester City UK","Celta de Vigo","Premier league",15.3,-90.6163146,19.7894724,"Manchester City UK","Celta de Vigo","Premier league",15.3,-2.2426305,53.4807593
"310","Aaron Mooy","Manchester City UK","Melbourne City","Premier league",0,-80.6081089,28.0836269,"Manchester City UK","Melbourne City","Premier league",0,-2.2426305,53.4807593
"311","Pablo Marí","Manchester City UK","Gimnàstic","Premier league",0.17,-0.5222117,38.404561,"Manchester City UK","Gimnàstic","Premier league",0.17,-2.2426305,53.4807593
"312","Leroy Sané","Manchester City UK","FC Schalke 04","Premier league",42.5,NA,NA,"Manchester City UK","FC Schalke 04","Premier league",42.5,-2.2426305,53.4807593
"313","Oleksandr Zinchenko","Manchester City UK","Ufa","Premier league",1.7,55.9720554,54.7387621,"Manchester City UK","Ufa","Premier league",1.7,-2.2426305,53.4807593
"314","Ilkay Gündogan","Manchester City UK","Bor. Dortmund","Premier league",22.95,7.3714033,51.4918469,"Manchester City UK","Bor. Dortmund","Premier league",22.95,-2.2426305,53.4807593
"315","Marlos Moreno","Manchester City UK","Atl. Nacional","Premier league",4.68,-67.1107365,-17.9617328,"Manchester City UK","Atl. Nacional","Premier league",4.68,-2.2426305,53.4807593
"316","Gabriel Jesus","Manchester City UK","Palmeiras","Premier league",27.2,-43.97962,-19.9708055,"Manchester City UK","Palmeiras","Premier league",27.2,-2.2426305,53.4807593
"317","Zlatan Ibrahimovic","Manchester Utd UK","Paris SG","Premier league",0,2.3350238,48.8533958,"Manchester Utd UK","Paris SG","Premier league",0,-2.2906546,53.4622546
"318","Eric Bailly","Manchester Utd UK","Villarreal CF","Premier league",32.3,-0.1165001,39.9391986,"Manchester Utd UK","Villarreal CF","Premier league",32.3,-2.2906546,53.4622546
"319","Henrikh Mkhitaryan","Manchester Utd UK","Bor. Dortmund","Premier league",35.7,7.3714033,51.4918469,"Manchester Utd UK","Bor. Dortmund","Premier league",35.7,-2.2906546,53.4622546
"320","Paul Pogba","Manchester Utd UK","Juventus","Premier league",89.25,-100.363932,25.733185,"Manchester Utd UK","Juventus","Premier league",89.25,-2.2906546,53.4622546
"321","Rémy Cabella","Marseille France","Newcastle","Ligue 1",6.8,-1.61778,54.978252,"Marseille France","Newcastle","Ligue 1",6.8,5.36978,43.296482
"322","Tomas Hubocan","Marseille France","Dinamo Moscow","Ligue 1",1.02,37.5595953,55.7891159,"Marseille France","Dinamo Moscow","Ligue 1",1.02,5.36978,43.296482
"323","Saîf-Eddine Khaoui","Marseille France","FC Tours","Ligue 1",0.85,6.1591743,49.5756795,"Marseille France","FC Tours","Ligue 1",0.85,5.36978,43.296482
"324","Henri Bedimo","Marseille France","Olympique Lyon","Ligue 1",0,-87.7962098,41.7304326,"Marseille France","Olympique Lyon","Ligue 1",0,5.36978,43.296482
"325","Hiroki Sakai","Marseille France","Hannover 96","Ligue 1",0,-70.8273689,42.118527,"Marseille France","Hannover 96","Ligue 1",0,5.36978,43.296482
"326","Viktor Fischer","Middlesbrough UK","AFC Ajax","Premier league",4.25,NA,NA,"Middlesbrough UK","AFC Ajax","Premier league",4.25,-1.234956,54.574227
"327","Antonio Barragán","Middlesbrough UK","Valencia CF","Premier league",2.3,-0.5104759,39.0643597,"Middlesbrough UK","Valencia CF","Premier league",2.3,-1.234956,54.574227
"328","Fábio","Middlesbrough UK","Cardiff","Premier league",1.96,-3.17909,51.481581,"Middlesbrough UK","Cardiff","Premier league",1.96,-1.234956,54.574227
"329","Bernardo Espinosa","Middlesbrough UK","Sporting Gijón","Premier league",0,-5.6386025,43.5347956,"Middlesbrough UK","Sporting Gijón","Premier league",0,-1.234956,54.574227
"330","Marten de Roon","Middlesbrough UK","Atalanta","Premier league",12.75,-49.7793508,-27.4224135,"Middlesbrough UK","Atalanta","Premier league",12.75,-1.234956,54.574227
"331","Youssef Aït Bennasser","Monaco France","AS Nancy","Ligue 1",2.55,72.8495366,19.22594,"Monaco France","AS Nancy","Ligue 1",2.55,7.420816,43.737411
"332","Djibril Sidibé","Monaco France","LOSC Lille","Ligue 1",12.75,3.057256,50.62925,"Monaco France","LOSC Lille","Ligue 1",12.75,7.420816,43.737411
"333","Benjamin Mendy","Monaco France","Marseille","Ligue 1",11.05,5.36978,43.296482,"Monaco France","Marseille","Ligue 1",11.05,7.420816,43.737411
"334","Kamil Glik","Monaco France","Torino","Ligue 1",9.35,7.6868565,45.070312,"Monaco France","Torino","Ligue 1",9.35,7.420816,43.737411
"335","Wylan Cyprien","Nice OGC France","Lens","Ligue 1",4.25,2.83183,50.42893,"Nice OGC France","Lens","Ligue 1",4.25,43.683284,7.197926
"336","Arnaud Lusamba","Nice OGC France","AS Nancy","Ligue 1",2.13,72.8495366,19.22594,"Nice OGC France","AS Nancy","Ligue 1",2.13,43.683284,7.197926
"337","Dante","Nice OGC France","VfL Wolfsburg","Ligue 1",2.13,10.7979685,52.4257066,"Nice OGC France","VfL Wolfsburg","Ligue 1",2.13,43.683284,7.197926
"338","Dalbert","Nice OGC France","Vit. Guimarães","Ligue 1",1.7,-35.2946633,-8.1091303,"Nice OGC France","Vit. Guimarães","Ligue 1",1.7,43.683284,7.197926
"339","Arnaud Souquet","Nice OGC France","Dijon","Ligue 1",1.06,5.04148,47.322047,"Nice OGC France","Dijon","Ligue 1",1.06,43.683284,7.197926
"340","Paul Baysse","Nice OGC France","Saint-Étienne","Ligue 1",0.425,4.3871779,45.439695,"Nice OGC France","Saint-Étienne","Ligue 1",0.425,43.683284,7.197926
"341","Mario Balotelli","Nice OGC France","Liverpool","Ligue 1",0,-2.9915726,53.4083714,"Nice OGC France","Liverpool","Ligue 1",0,43.683284,7.197926
"342","Emanuel Mammana","Olympique Lyon France","River Plate","Ligue 1",6.38,-56.741207,-35.1944557,"Olympique Lyon France","River Plate","Ligue 1",6.38,4.9767765,45.7690226
"343","Jean-Philippe Mateta","Olympique Lyon France","LB Châteauroux","Ligue 1",2.55,1.686779,46.811434,"Olympique Lyon France","LB Châteauroux","Ligue 1",2.55,4.9767765,45.7690226
"344","Nicolas N'Koulou","Olympique Lyon France","Marseille","Ligue 1",0,5.36978,43.296482,"Olympique Lyon France","Marseille","Ligue 1",0,4.9767765,45.7690226
"345","Maciej Rybus","Olympique Lyon France","Terek Grozny","Ligue 1",0,NA,NA,"Olympique Lyon France","Terek Grozny","Ligue 1",0,4.9767765,45.7690226
"346","Grzegorz Krychowiak","Paris SG France","Sevilla FC","Ligue 1",28.56,-109.9259886,27.4907255,"Paris SG France","Sevilla FC","Ligue 1",28.56,2.3350238,48.8533958
"347","Jesé","Paris SG France","Real Madrid","Ligue 1",21.25,-99.136043,19.2932645,"Paris SG France","Real Madrid","Ligue 1",21.25,2.3350238,48.8533958
"348","Giovani Lo Celso","Paris SG France","CA Rosario","Ligue 1",8.5,-117.6544499,33.5655301,"Paris SG France","CA Rosario","Ligue 1",8.5,2.3350238,48.8533958
"349","Thomas Meunier","Paris SG France","Club Brugge","Ligue 1",5.95,NA,NA,"Paris SG France","Club Brugge","Ligue 1",5.95,2.3350238,48.8533958
"350","Hatem Ben Arfa","Paris SG France","OGC Nice","Ligue 1",0,NA,NA,"Paris SG France","OGC Nice","Ligue 1",0,2.3350238,48.8533958
"351","Antonio Mazzotta","Pescara Italy","AC Cesena","Serie A",0.298,12.2385741,44.1444936,"Pescara Italy","AC Cesena","Serie A",0.298,14.2160898,42.4617902
"352","Alessandro Crescenzi","Pescara Italy","AS Roma","Serie A",0.255,-58.5214952,-34.6284822,"Pescara Italy","AS Roma","Serie A",0.255,14.2160898,42.4617902
"353","Alessio Di Massimo","Pescara Italy","Sant'Omero","Serie A",0.255,13.8054287,42.785078,"Pescara Italy","Sant'Omero","Serie A",0.255,14.2160898,42.4617902
"354","Andrea Coda","Pescara Italy","Sampdoria","Serie A",0.17,-100.7169119,20.0188739,"Pescara Italy","Sampdoria","Serie A",0.17,14.2160898,42.4617902
"355","Simone Pepe","Pescara Italy","Chievo Verona","Serie A",0,10.9466529,45.4575193,"Pescara Italy","Chievo Verona","Serie A",0,14.2160898,42.4617902
"356","Alessandro Polidori","Pescara Italy","AC Rimini","Serie A",0,NA,NA,"Pescara Italy","AC Rimini","Serie A",0,14.2160898,42.4617902
"357","Cristiano Biraghi","Pescara Italy","Inter","Serie A",3.4,-89.6412899,20.9544631,"Pescara Italy","Inter","Serie A",3.4,14.2160898,42.4617902
"358","Valerio Verre","Pescara Italy","Udinese Calcio","Serie A",3.4,13.2056341,46.0408771,"Pescara Italy","Udinese Calcio","Serie A",3.4,14.2160898,42.4617902
"359","Ahmad Benali","Pescara Italy","US Palermo","Serie A",0.85,-121.5380243,39.4354432,"Pescara Italy","US Palermo","Serie A",0.85,14.2160898,42.4617902
"360","Stefano Pettinari","Pescara Italy","AS Roma","Serie A",0.34,-58.5214952,-34.6284822,"Pescara Italy","AS Roma","Serie A",0.34,14.2160898,42.4617902
"361","Alberto Aquilani","Pescara Italy","Sporting CP","Serie A",0,-76.9714224,40.2313116,"Pescara Italy","Sporting CP","Serie A",0,14.2160898,42.4617902
"362","Francesco Nicastro","Pescara Italy","Juve Stabia","Serie A",0,NA,NA,"Pescara Italy","Juve Stabia","Serie A",0,14.2160898,42.4617902
"363","Oliver Burke","RB Leipzig Germany","Nottm Forest","Bundesliga",12.75,-94.7096476,38.9059719,"RB Leipzig Germany","Nottm Forest","Bundesliga",12.75,12.3515611,51.3461081
"364","Timo Werner","RB Leipzig Germany","VfB Stuttgart","Bundesliga",8.5,NA,NA,"RB Leipzig Germany","VfB Stuttgart","Bundesliga",8.5,12.3515611,51.3461081
"365","Bernardo","RB Leipzig Germany","RB Salzburg","Bundesliga",5.1,13.000092,47.815426,"RB Leipzig Germany","RB Salzburg","Bundesliga",5.1,12.3515611,51.3461081
"366","Benno Schmitz","RB Leipzig Germany","RB Salzburg","Bundesliga",0.68,13.000092,47.815426,"RB Leipzig Germany","RB Salzburg","Bundesliga",0.68,12.3515611,51.3461081
"367","Naby Keïta","RB Leipzig Germany","RB Salzburg","Bundesliga",12.75,13.000092,47.815426,"RB Leipzig Germany","RB Salzburg","Bundesliga",12.75,12.3515611,51.3461081
"368","Riza Durmisi","Real Betis Sevilla Spain","Bröndby IF","La Liga",1.7,NA,NA,"Real Betis Sevilla Spain","Bröndby IF","La Liga",1.7,-5.9844589,37.3890924
"369","Jonas Martin","Real Betis Sevilla Spain","Montpellier","La Liga",2.55,3.876716,43.610769,"Real Betis Sevilla Spain","Montpellier","La Liga",2.55,-5.9844589,37.3890924
"370","Roman Zozulya","Real Betis Sevilla Spain","Dnipro","La Liga",0,35.046183,48.464717,"Real Betis Sevilla Spain","Dnipro","La Liga",0,-5.9844589,37.3890924
"371","Aïssa Mandi","Real Betis Sevilla Spain","Reims","La Liga",3.4,4.031696,49.258329,"Real Betis Sevilla Spain","Reims","La Liga",3.4,-5.9844589,37.3890924
"372","Felipe Gutiérrez","Real Betis Sevilla Spain","FC Twente","La Liga",2.98,NA,NA,"Real Betis Sevilla Spain","FC Twente","La Liga",2.98,-5.9844589,37.3890924
"373","Antonio Sanabria","Real Betis Sevilla Spain","AS Roma","La Liga",6.38,-58.5214952,-34.6284822,"Real Betis Sevilla Spain","AS Roma","La Liga",6.38,-5.9844589,37.3890924
"374","Darko Brasanac","Real Betis Sevilla Spain","Partizan","La Liga",1.28,131.9594688,43.6917713,"Real Betis Sevilla Spain","Partizan","La Liga",1.28,-5.9844589,37.3890924
"375","Álvaro Morata","Real Madrid Spain","Juventus","La Liga",25.5,-100.363932,25.733185,"Real Madrid Spain","Juventus","La Liga",25.5,-3.7388727,40.3626461
"376","Willian José","Real Sociedad Spain","Maldonado","La Liga",5.1,-54.9207695,-34.7905524,"Real Sociedad Spain","Maldonado","La Liga",5.1,-1.9748447,43.3081034
"377","Juanmi","Real Sociedad Spain","Southampton","La Liga",4.25,-1.4043509,50.9097004,"Real Sociedad Spain","Southampton","La Liga",4.25,-1.9748447,43.3081034
"378","Ramy Bensebaini","Rennes France","Paradou AC","Ligue 1",1.7,NA,NA,"Rennes France","Paradou AC","Ligue 1",1.7,-1.6777926,48.117266
"379","Afonso Figueiredo","Rennes France","Boavista","Ligue 1",0.23,-22.8078335,16.0950108,"Rennes France","Boavista","Ligue 1",0.23,-1.6777926,48.117266
"380","Clément Chantôme","Rennes France","G. Bordeaux","Ligue 1",0,-0.57918,44.837789,"Rennes France","G. Bordeaux","Ligue 1",0,-1.6777926,48.117266
"381","Anthony Ribelin","Rennes France","HSC Montpellier B","Ligue 1",0,NA,NA,"Rennes France","HSC Montpellier B","Ligue 1",0,-1.6777926,48.117266
"382","Bryan Dabo","Saint-Étienne France","Montpellier","Ligue 1",3.4,3.876716,43.610769,NA,NA,NA,NA,NA,NA
"383","Léo Lacroix","Saint-Étienne France","FC Sion","Ligue 1",2.55,-6.5030396,53.3655799,NA,NA,NA,NA,NA,NA
"384","Cheikh M'Bengue","Saint-Étienne France","Rennes","Ligue 1",0,-1.6777926,48.117266,NA,NA,NA,NA,NA,NA
"385","Stanley Amuzie","Sampdoria Italy","Olhanense","Serie A",0,-46.3472089,-23.9625591,"Sampdoria Italy","Olhanense","Serie A",0,8.9526748,44.4155383
"386","Bambo Diaby","Sampdoria Italy","Cornellà Jugend","Serie A",0,NA,NA,"Sampdoria Italy","Cornellà Jugend","Serie A",0,8.9526748,44.4155383
"387","Dennis Praet","Sampdoria Italy","RSC Anderlecht","Serie A",8.5,NA,NA,"Sampdoria Italy","RSC Anderlecht","Serie A",8.5,8.9526748,44.4155383
"388","Jacopo Sala","Sampdoria Italy","Hellas Verona","Serie A",4.25,NA,NA,"Sampdoria Italy","Hellas Verona","Serie A",4.25,8.9526748,44.4155383
"389","Leonardo Capezzi","Sampdoria Italy","Crotone","Serie A",0.85,17.1271102,39.0807932,"Crotone Italy","Fiorentina","Serie A",0.68,17.1271102,39.0807932
"390","Leonardo Capezzi","Sampdoria Italy","Crotone","Serie A",0.85,17.1271102,39.0807932,"Sampdoria Italy","Crotone","Serie A",0.85,8.9526748,44.4155383
"391","Antonio Palumbo","Sampdoria Italy","Ternana","Serie A",0.595,12.8465236,42.4408552,"Sampdoria Italy","Ternana","Serie A",0.595,8.9526748,44.4155383
"392","Karol Linetty","Sampdoria Italy","Lech Poznan","Serie A",2.72,NA,NA,"Sampdoria Italy","Lech Poznan","Serie A",2.72,8.9526748,44.4155383
"393","Fabio Quagliarella","Sampdoria Italy","Torino","Serie A",2.3,7.6868565,45.070312,"Sampdoria Italy","Torino","Serie A",2.3,8.9526748,44.4155383
"394","Daniel Pavlovic","Sampdoria Italy","Grasshoppers","Serie A",0,-95.4987565,39.5838828,"Sampdoria Italy","Grasshoppers","Serie A",0,8.9526748,44.4155383
"395","Luca Cigarini","Sampdoria Italy","Atalanta","Serie A",2.98,-49.7793508,-27.4224135,"Sampdoria Italy","Atalanta","Serie A",2.98,8.9526748,44.4155383
"396","Patrik Schick","Sampdoria Italy","Sparta Praha","Serie A",3.4,NA,NA,"Sampdoria Italy","Sparta Praha","Serie A",3.4,8.9526748,44.4155383
"397","Ante Budimir","Sampdoria Italy","Crotone","Serie A",1.53,17.1271102,39.0807932,"Crotone Italy","FC St. Pauli","Serie A",0.85,17.1271102,39.0807932
"398","Ante Budimir","Sampdoria Italy","Crotone","Serie A",1.53,17.1271102,39.0807932,"Sampdoria Italy","Crotone","Serie A",1.53,8.9526748,44.4155383
"399","Gianmarco Ferrari","Sassuolo Italy","Crotone","Serie A",3.4,17.1271102,39.0807932,"Sassuolo Italy","Crotone","Serie A",3.4,10.7847741,44.54433
"400","Antonino Ragusa","Sassuolo Italy","AC Cesena","Serie A",1.96,12.2385741,44.1444936,"Sassuolo Italy","AC Cesena","Serie A",1.96,10.7847741,44.54433
"401","Alfred Duncan","Sassuolo Italy","Sampdoria","Serie A",5.1,-100.7169119,20.0188739,"Sassuolo Italy","Sampdoria","Serie A",5.1,10.7847741,44.54433
"402","Timo Letschert","Sassuolo Italy","FC Utrecht","Serie A",2.98,5.138643,52.0968554,"Sassuolo Italy","FC Utrecht","Serie A",2.98,10.7847741,44.54433
"403","Matteo Politano","Sassuolo Italy","AS Roma","Serie A",2.98,-58.5214952,-34.6284822,"Sassuolo Italy","AS Roma","Serie A",2.98,10.7847741,44.54433
"404","Pietro Iemmello","Sassuolo Italy","Spezia Calcio","Serie A",1.96,9.7994789,44.0727813,"Sassuolo Italy","Spezia Calcio","Serie A",1.96,10.7847741,44.54433
"405","Alessandro Matri","Sassuolo Italy","AC Milan","Serie A",0,6.2230139,50.7654394,"Sassuolo Italy","AC Milan","Serie A",0,10.7847741,44.54433
"406","Jerson Cabral","SC Bastia France","FC Twente","Ligue 1",0,NA,NA,"SC Bastia France","FC Twente","Ligue 1",0,9.450881,42.697283
"407","Thievy Bifouma","SC Bastia France","Espanyol","Ligue 1",0,2.641692,39.6293694,"SC Bastia France","Espanyol","Ligue 1",0,9.450881,42.697283
"408","Farid Boulaya","SC Bastia France","Clermont Foot","Ligue 1",0.213,-121.0715463,38.6832563,"SC Bastia France","Clermont Foot","Ligue 1",0.213,9.450881,42.697283
"409","Janik Haberer","SC Freiburg Germany","TSG Hoffenheim","Bundesliga",1.7,NA,NA,"SC Freiburg Germany","TSG Hoffenheim","Bundesliga",1.7,8.274477,48.084436
"410","Onur Bulut","SC Freiburg Germany","VfL Bochum","Bundesliga",1.02,NA,NA,"SC Freiburg Germany","VfL Bochum","Bundesliga",1.02,8.274477,48.084436
"411","Manuel Gulde","SC Freiburg Germany","Karlsruher SC","Bundesliga",1.02,8.4145779,49.0168232,"SC Freiburg Germany","Karlsruher SC","Bundesliga",1.02,8.274477,48.084436
"412","Jonas Meffert","SC Freiburg Germany","Bay. Leverkusen","Bundesliga",1.02,6.9946126,51.0157534,"Bay Leverkusen Germany","Karlsruher SC","Bundesliga",0.51,6.9946126,51.0157534
"413","Jonas Meffert","SC Freiburg Germany","Bay. Leverkusen","Bundesliga",1.02,6.9946126,51.0157534,"SC Freiburg Germany","Bay. Leverkusen","Bundesliga",1.02,8.274477,48.084436
"414","Aleksandar Ignjovski","SC Freiburg Germany","E. Frankfurt","Bundesliga",0.638,8.6821267,50.1109221,"SC Freiburg Germany","E. Frankfurt","Bundesliga",0.638,8.274477,48.084436
"415","Georg Niedermeier","SC Freiburg Germany","VfB Stuttgart","Bundesliga",0,NA,NA,"SC Freiburg Germany","VfB Stuttgart","Bundesliga",0,8.274477,48.084436
"416","Caglar Söyüncü","SC Freiburg Germany","Altinordu","Bundesliga",2.13,27.1430197,38.4199427,"SC Freiburg Germany","Altinordu","Bundesliga",2.13,8.274477,48.084436
"417","Karl Toko Ekambi","SCO Angers France","FC Sochaux","Ligue 1",0.85,NA,NA,"SCO Angers France","FC Sochaux","Ligue 1",0.85,-0.563166,47.478419
"418","Yoane Wissa","SCO Angers France","LB Châteauroux","Ligue 1",0,1.686779,46.811434,"SCO Angers France","LB Châteauroux","Ligue 1",0,-0.563166,47.478419
"419","Famara Diédhiou","SCO Angers France","Clermont Foot","Ligue 1",1.36,-121.0715463,38.6832563,"SCO Angers France","Clermont Foot","Ligue 1",1.36,-0.563166,47.478419
"420","Pablo Martinez","SCO Angers France","G. Ajaccio","Ligue 1",0,8.738635,41.919229,"SCO Angers France","G. Ajaccio","Ligue 1",0,-0.563166,47.478419
"421","Flavien Tait","SCO Angers France","LB Châteauroux","Ligue 1",0,1.686779,46.811434,"SCO Angers France","LB Châteauroux","Ligue 1",0,-0.563166,47.478419
"422","Mateo Pavlovic","SCO Angers France","Werder Bremen","Ligue 1",0,8.809285,53.0696545,"SCO Angers France","Werder Bremen","Ligue 1",0,-0.563166,47.478419
"423","Baptiste Santamaría","SCO Angers France","FC Tours","Ligue 1",0.425,6.1591743,49.5756795,"SCO Angers France","FC Tours","Ligue 1",0.425,-0.563166,47.478419
"424","Florian Lejeune","SD Eibar Spain","Manchester City","La Liga",1.28,-71.4547891,42.9956397,"SD Eibar Spain","Manchester City","La Liga",1.28,-2.4715422,43.1832096
"425","Jon Ander  Amelibia ","SD Eibar Spain","Bilbao Athletic","La Liga",0,-2.7530628,43.298455,"SD Eibar Spain","Bilbao Athletic","La Liga",0,-2.4715422,43.1832096
"426","Bebé","SD Eibar Spain","Benfica","La Liga",1.28,-43.2397455,-22.8926246,"SD Eibar Spain","Benfica","La Liga",1.28,-2.4715422,43.1832096
"427","Nano","SD Eibar Spain","CD Tenerife","La Liga",2.72,-16.2518467,28.4636296,"SD Eibar Spain","CD Tenerife","La Liga",2.72,-2.4715422,43.1832096
"428","Jordi Calavera","SD Eibar Spain","Gimnàstic","La Liga",0,-0.5222117,38.404561,"SD Eibar Spain","Gimnàstic","La Liga",0,-2.4715422,43.1832096
"429","Juanfran","SD Eibar Spain","Villanovense","La Liga",0,NA,NA,"SD Eibar Spain","Villanovense","La Liga",0,-2.4715422,43.1832096
"430","Juanfran","SD Eibar Spain","Villanovense","La Liga",0,NA,NA,"SD Eibar Spain","Villanovense","La Liga",0,-2.4715422,43.1832096
"431","Alejandro Gálvez","SD Eibar Spain","Werder Bremen","La Liga",1.28,8.809285,53.0696545,"SD Eibar Spain","Werder Bremen","La Liga",1.28,-2.4715422,43.1832096
"432","Anaitz Arbilla","SD Eibar Spain","Espanyol","La Liga",0.595,2.641692,39.6293694,"SD Eibar Spain","Espanyol","La Liga",0.595,-2.4715422,43.1832096
"433","Pedro León","SD Eibar Spain","Getafe CF","La Liga",0,NA,NA,"SD Eibar Spain","Getafe CF","La Liga",0,-2.4715422,43.1832096
"434","Pere Milla","SD Eibar Spain","UD Logroñés","La Liga",0,NA,NA,"SD Eibar Spain","UD Logroñés","La Liga",0,-2.4715422,43.1832096
"435","Rubén Peña","SD Eibar Spain","CD Leganés","La Liga",0,-3.7686545,40.3319506,"SD Eibar Spain","CD Leganés","La Liga",0,-2.4715422,43.1832096
"436","Juanfran","SD Eibar Spain","Villanovense","La Liga",0,NA,NA,"SD Eibar Spain","Villanovense","La Liga",0,-2.4715422,43.1832096
"437","Juanfran","SD Eibar Spain","Villanovense","La Liga",0,NA,NA,"SD Eibar Spain","Villanovense","La Liga",0,-2.4715422,43.1832096
"438","Roger Escoruela","SD Eibar Spain","CF Gavà","La Liga",0,NA,NA,"SD Eibar Spain","CF Gavà","La Liga",0,-2.4715422,43.1832096
"439","Unai Elgezabal","SD Eibar Spain","Barakaldo CF ","La Liga",0,NA,NA,"SD Eibar Spain","Barakaldo CF ","La Liga",0,-2.4715422,43.1832096
"440","Franco Vázquez","Sevilla Fútbol Club Spain","US Palermo","La Liga",12.75,-121.5380243,39.4354432,NA,NA,NA,NA,NA,NA
"441","Pablo Sarabia","Sevilla Fútbol Club Spain","Getafe CF","La Liga",0.85,NA,NA,NA,NA,NA,NA,NA,NA
"442","Ganso","Sevilla Fútbol Club Spain","São Paulo","La Liga",8.08,-46.6333094,-23.5505199,NA,NA,NA,NA,NA,NA
"443","Joaquín Correa","Sevilla Fútbol Club Spain","Sampdoria","La Liga",11.05,-100.7169119,20.0188739,NA,NA,NA,NA,NA,NA
"444","Gabriel Mercado","Sevilla Fútbol Club Spain","River Plate","La Liga",1.87,-56.741207,-35.1944557,NA,NA,NA,NA,NA,NA
"445","Wissam Ben Yedder","Sevilla Fútbol Club Spain","Toulouse","La Liga",7.65,1.444209,43.604652,NA,NA,NA,NA,NA,NA
"446","Hiroshi Kiyotake","Sevilla Fútbol Club Spain","Hannover 96","La Liga",5.53,-70.8273689,42.118527,NA,NA,NA,NA,NA,NA
"447","Ronny Rodelin","Stade Malherbe Caen France","LOSC Lille","Ligue 1",0.85,3.057256,50.62925,"Stade Malherbe Caen France","LOSC Lille","Ligue 1",0.85,-0.370679,49.182863
"448","Ivan Santini","Stade Malherbe Caen France","Standard Liège","Ligue 1",2.13,5.545162,50.610246,"Stade Malherbe Caen France","Standard Liège","Ligue 1",2.13,-0.370679,49.182863
"449","Steed Malbranque","Stade Malherbe Caen France","Olympique Lyon","Ligue 1",0,-87.7962098,41.7304326,"Stade Malherbe Caen France","Olympique Lyon","Ligue 1",0,-0.370679,49.182863
"450","Mouhamadou Dabo","Stade Malherbe Caen France","Troyes","Ligue 1",0,4.0744009,48.2973451,"Stade Malherbe Caen France","Troyes","Ligue 1",0,-0.370679,49.182863
"451","Ismaël Diomandé","Stade Malherbe Caen France","Saint-Étienne","Ligue 1",0.638,4.3871779,45.439695,"Stade Malherbe Caen France","Saint-Étienne","Ligue 1",0.638,-0.370679,49.182863
"452","Sofiane Boufal","Southampton UK","LOSC Lille","Premier league",15.9,3.057256,50.62925,"Southampton UK","LOSC Lille","Premier league",15.9,-1.4043509,50.9097004
"453","Pierre-Emile Höjbjerg","Southampton UK","Bayern Munich ","Premier league",12.75,11.5819806,48.1351253,"Southampton UK","Bayern Munich ","Premier league",12.75,-1.4043509,50.9097004
"454","Nathan Redmond","Southampton UK","Norwich","Premier league",11.48,1.297355,52.6308859,"Southampton UK","Norwich","Premier league",11.48,-1.4043509,50.9097004
"455","Jérémy Pied","Southampton UK","OGC Nice","Premier league",0,NA,NA,"Southampton UK","OGC Nice","Premier league",0,-1.4043509,50.9097004
"456","Lillo Castellano","Sporting Gijón Spain","SD Eibar","La Liga",0,NA,NA,NA,NA,NA,NA,NA,NA
"457","Fernando Amorebieta","Sporting Gijón Spain","Fulham FC","La Liga",0.255,-0.2470864,51.3912756,NA,NA,NA,NA,NA,NA
"458","Xavi Torres","Sporting Gijón Spain","Real Betis","La Liga",0,-103.4456539,20.7908698,NA,NA,NA,NA,NA,NA
"459","Jean-Sylvain Babin","Sporting Gijón Spain","Granada CF","La Liga",0,-3.0106774,36.7460566,NA,NA,NA,NA,NA,NA
"460","Moi Gómez","Sporting Gijón Spain","Villarreal CF","La Liga",0,-0.1165001,39.9391986,NA,NA,NA,NA,NA,NA
"461","Víctor Rodríguez","Sporting Gijón Spain","Elche CF","La Liga",0,-0.6690555,38.2645632,NA,NA,NA,NA,NA,NA
"462","Borja Viguera","Sporting Gijón Spain","Athletic Bilbao","La Liga",0,-2.7530628,43.298455,NA,NA,NA,NA,NA,NA
"463","Vincent Janssen","Spurs UK","AZ Alkmaar","Premier league",18.79,4.7601215,52.62921,"Spurs UK","AZ Alkmaar","Premier league",18.79,-2.229091,53.3495191
"464","Georges-Kevin N'Koudou","Spurs UK","Marseille","Premier league",9.35,5.36978,43.296482,"Spurs UK","Marseille","Premier league",9.35,-2.229091,53.3495191
"465","Victor Wanyama","Spurs UK","Southampton","Premier league",12.24,-1.4043509,50.9097004,"Spurs UK","Southampton","Premier league",12.24,-2.229091,53.3495191
"466","Moussa Sissoko","Spurs UK","Newcastle","Premier league",29.75,-1.61778,54.978252,"Spurs UK","Newcastle","Premier league",29.75,-2.229091,53.3495191
"467","Emanuele Giaccherini","SSC Napoli Italy","Sunderland","Serie A",1.28,-1.383801,54.906869,"SSC Napoli Italy","Sunderland","Serie A",1.28,14.2681244,40.8517746
"468","Amadou Diawara","SSC Napoli Italy","Bologna","Serie A",12.33,11.3426163,44.494887,"SSC Napoli Italy","Bologna","Serie A",12.33,14.2681244,40.8517746
"469","Lorenzo Tonelli","SSC Napoli Italy","FC Empoli","Serie A",8.5,12.2253049,44.1325193,"SSC Napoli Italy","FC Empoli","Serie A",8.5,14.2681244,40.8517746
"470","Arkadiusz Milik","SSC Napoli Italy","AFC Ajax","Serie A",27.2,NA,NA,"SSC Napoli Italy","AFC Ajax","Serie A",27.2,14.2681244,40.8517746
"471","Piotr Zielinski","SSC Napoli Italy","Udinese Calcio","Serie A",11.9,13.2056341,46.0408771,"SSC Napoli Italy","Udinese Calcio","Serie A",11.9,14.2681244,40.8517746
"472","Joe Allen","Stoke City UK","Liverpool","Premier league",13.18,-2.9915726,53.4083714,"Stoke City UK","Liverpool","Premier league",13.18,-2.179404,53.002668
"473","Ryan Sweeney","Stoke City UK","AFC Wimbledon","Premier league",0.25,-0.2838047,51.4046999,"Stoke City UK","AFC Wimbledon","Premier league",0.25,-2.179404,53.002668
"474","Ramadan Sobhi","Stoke City UK","Ahly","Premier league",4.25,29.9971815,31.2424331,"Stoke City UK","Ahly","Premier league",4.25,-2.179404,53.002668
"475","Steven Pienaar","Sunderland UK","Everton","Premier league",0,-93.702428,37.3425477,"Sunderland UK","Everton","Premier league",0,-1.383801,54.906869
"476","Patrick McNair","Sunderland UK","Manchester Utd.","Premier league",4.46,-118.3425748,33.9600196,"Sunderland UK","Manchester Utd.","Premier league",4.46,-1.383801,54.906869
"477","Donald Love","Sunderland UK","Man Utd U23","Premier league",0.978,-118.4120366,33.9597525,"Sunderland UK","Man Utd U23","Premier league",0.978,-1.383801,54.906869
"478","Papy Djilobodji","Sunderland UK","Chelsea","Premier league",8.08,-71.0328284,42.3917638,"Sunderland UK","Chelsea","Premier league",8.08,-1.383801,54.906869
"479","Didier Ndong","Sunderland UK","FC Lorient","Premier league",17,NA,NA,"Sunderland UK","FC Lorient","Premier league",17,-1.383801,54.906869
"480","Änis Ben-Hatira","SV Darmstadt  Germany","E. Frankfurt","Bundesliga",0,8.6821267,50.1109221,"SV Darmstadt  Germany","E. Frankfurt","Bundesliga",0,8.927711,50.108607
"481","Victor Obinna","SV Darmstadt  Germany","MSV Duisburg","Bundesliga",0,NA,NA,"SV Darmstadt  Germany","MSV Duisburg","Bundesliga",0,8.927711,50.108607
"482","Roman Bezjak","SV Darmstadt  Germany","HNK Rijeka","Bundesliga",1.7,14.4019282,45.3479003,"SV Darmstadt  Germany","HNK Rijeka","Bundesliga",1.7,8.927711,50.108607
"483","Denys Oliynyk","SV Darmstadt  Germany","Vitesse","Bundesliga",0,137.7577072,34.7298543,"SV Darmstadt  Germany","Vitesse","Bundesliga",0,8.927711,50.108607
"484","Artem Fedetsky","SV Darmstadt  Germany","Dnipro","Bundesliga",0,35.046183,48.464717,"SV Darmstadt  Germany","Dnipro","Bundesliga",0,8.927711,50.108607
"485","Immanuel Höhn","SV Darmstadt  Germany","SC Freiburg","Bundesliga",0.638,8.274477,48.084436,"SV Darmstadt  Germany","SC Freiburg","Bundesliga",0.638,8.927711,50.108607
"486","Borja Bastón","Swansea UK","Atlético Madrid","Premier league",15.3,-3.7423397,40.3757325,"Swansea UK","Atlético Madrid","Premier league",15.3,-3.943646,51.62144
"487","Mike van der Hoorn","Swansea UK","AFC Ajax","Premier league",2.13,NA,NA,"Swansea UK","AFC Ajax","Premier league",2.13,-3.943646,51.62144
"488","Leroy Fer","Swansea UK","QPR","Premier league",4.76,-8.4052158,53.8761086,"Swansea UK","QPR","Premier league",4.76,-3.943646,51.62144
"489","Fernando Llorente","Swansea UK","Sevilla FC","Premier league",5.02,-109.9259886,27.4907255,"Swansea UK","Sevilla FC","Premier league",5.02,-3.943646,51.62144
"490","Alfie Mawson","Swansea UK","Barnsley FC","Premier league",5.02,NA,NA,"Swansea UK","Barnsley FC","Premier league",5.02,-3.943646,51.62144
"491","Sasa Lukic","Torino Italy","Partizan","Serie A",1.28,131.9594688,43.6917713,"Torino Italy","Partizan","Serie A",1.28,7.6868565,45.070312
"492","Luca Rossettini","Torino Italy","Bologna","Serie A",1.7,11.3426163,44.494887,"Torino Italy","Bologna","Serie A",1.7,7.6868565,45.070312
"493","Arlind Ajeti","Torino Italy","Frosinone","Serie A",0,13.3426341,41.6396009,"Torino Italy","Frosinone","Serie A",0,7.6868565,45.070312
"494","Lorenzo De Silvestri","Torino Italy","Sampdoria","Serie A",3.06,-100.7169119,20.0188739,"Torino Italy","Sampdoria","Serie A",3.06,7.6868565,45.070312
"495","Mirko Valdifiori","Torino Italy","SSC Napoli","Serie A",2.98,NA,NA,"Torino Italy","SSC Napoli","Serie A",2.98,7.6868565,45.070312
"496","Adem Ljajic","Torino Italy","AS Roma","Serie A",7.23,-58.5214952,-34.6284822,"Torino Italy","AS Roma","Serie A",7.23,7.6868565,45.070312
"497","Samuel Gustafson","Torino Italy","BK Häcken","Serie A",0.425,NA,NA,"Torino Italy","BK Häcken","Serie A",0.425,7.6868565,45.070312
"498","Lucas Boyé","Torino Italy","River Plate","Serie A",0,-56.741207,-35.1944557,"Torino Italy","River Plate","Serie A",0,7.6868565,45.070312
"499","Panagiotis Tachtsidis","Torino Italy","Genoa","Serie A",1.11,8.946256,44.4056499,"Torino Italy","Genoa","Serie A",1.11,7.6868565,45.070312
"500","Christopher Jullien","Toulouse France","SC Freiburg","Ligue 1",2.38,8.274477,48.084436,"Toulouse France","SC Freiburg","Ligue 1",2.38,1.444209,43.604652
"501","Jimmy Durmaz","Toulouse France","Olympiacos","Ligue 1",1.7,NA,NA,"Toulouse France","Olympiacos","Ligue 1",1.7,1.444209,43.604652
"502","Ola Toivonen","Toulouse France","Rennes","Ligue 1",1.28,-1.6777926,48.117266,"Toulouse France","Rennes","Ligue 1",1.28,1.444209,43.604652
"503","Jessy Pi","Toulouse France","Monaco","Ligue 1",0.595,7.4246158,43.7384176,"Toulouse France","Monaco","Ligue 1",0.595,1.444209,43.604652
"504","Sandro Wagner","Hoffenheim Germany","SV Darmstadt 98","Bundesliga",2.38,8.927711,50.108607,"Hoffenheim Germany","SV Darmstadt 98","Bundesliga",2.38,8.8429961,49.2728471
"505","Lukas Rupp","Hoffenheim Germany","VfB Stuttgart","Bundesliga",4.25,NA,NA,"Hoffenheim Germany","VfB Stuttgart","Bundesliga",4.25,8.8429961,49.2728471
"506","Kerem Demirbay","Hoffenheim Germany","Hamburger SV","Bundesliga",1.45,16.3378572,57.6027778,"Hoffenheim Germany","Hamburger SV","Bundesliga",1.45,8.8429961,49.2728471
"507","Kevin Vogt","Hoffenheim Germany","1. FC Köln","Bundesliga",2.55,NA,NA,"Hoffenheim Germany","1. FC Köln","Bundesliga",2.55,8.8429961,49.2728471
"508","Andrej Kramaric","Hoffenheim Germany","Leicester","Bundesliga",8.5,-1.1397592,52.6368778,"Hoffenheim Germany","Leicester","Bundesliga",8.5,8.8429961,49.2728471
"509","Marco Terrazzino","Hoffenheim Germany","VfL Bochum","Bundesliga",0,NA,NA,"Hoffenheim Germany","VfL Bochum","Bundesliga",0,8.8429961,49.2728471
"510","Benjamin Hübner","Hoffenheim Germany","FC Ingolstadt","Bundesliga",0.68,11.4257541,48.7665351,"Hoffenheim Germany","FC Ingolstadt","Bundesliga",0.68,8.8429961,49.2728471
"511","Hélder Lopes","UD Las Palmas Spain","Paços Ferreira","La Liga",0,-8.2211022,42.1299821,"UD Las Palmas Spain","Paços Ferreira","La Liga",0,28.100462,-15.456771
"512","Kevin-Prince Boateng","UD Las Palmas Spain","AC Milan","La Liga",0,6.2230139,50.7654394,"UD Las Palmas Spain","AC Milan","La Liga",0,28.100462,-15.456771
"513","Marko Livaja","UD Las Palmas Spain","Rubin Kazan","La Liga",0,49.0875913,55.8502192,"UD Las Palmas Spain","Rubin Kazan","La Liga",0,28.100462,-15.456771
"514","Mateo García","UD Las Palmas Spain","Instituto AC Cordoba II","La Liga",0.34,NA,NA,"UD Las Palmas Spain","Instituto AC Cordoba II","La Liga",0.34,28.100462,-15.456771
"515","Mauricio Lemos","UD Las Palmas Spain","Rubin Kazan","La Liga",1.7,49.0875913,55.8502192,"UD Las Palmas Spain","Rubin Kazan","La Liga",1.7,28.100462,-15.456771
"516","Míchel","UD Las Palmas Spain","UD Almería","La Liga",0,-2.4637136,36.834047,"UD Las Palmas Spain","UD Almería","La Liga",0,28.100462,-15.456771
"517","Seko Fofana","Udinese Calcio Italy","Man City U23","Serie A",2.98,-90.2802175,38.6233669,"Udinese Calcio Italy","Man City U23","Serie A",2.98,13.2056341,46.0408771
"518","Gabriele Angella","Udinese Calcio Italy","Watford","Serie A",0,-0.39032,51.656489,"Udinese Calcio Italy","Watford","Serie A",0,13.2056341,46.0408771
"519","Hamdi Harbaoui","Udinese Calcio Italy","KSC Lokeren","Serie A",0,3.9940663,51.1023413,"Udinese Calcio Italy","KSC Lokeren","Serie A",0,13.2056341,46.0408771
"520","Rodrigo de Paul","Udinese Calcio Italy","Valencia CF","Serie A",2.55,-0.5104759,39.0643597,"Udinese Calcio Italy","Valencia CF","Serie A",2.55,13.2056341,46.0408771
"521","Ewandro","Udinese Calcio Italy","São Paulo","Serie A",2.55,-46.6333094,-23.5505199,"Udinese Calcio Italy","São Paulo","Serie A",2.55,13.2056341,46.0408771
"522","Stipe Perica","Udinese Calcio Italy","Chelsea","Serie A",3.4,-71.0328284,42.3917638,"Udinese Calcio Italy","Chelsea","Serie A",3.4,13.2056341,46.0408771
"523","Yrondu Musavu-King","Udinese Calcio Italy","Granada CF","Serie A",0,-3.0106774,36.7460566,"Udinese Calcio Italy","Granada CF","Serie A",0,13.2056341,46.0408771
"524","Haitam Aleesami","FC Palermo Italy","IFK Göteborg","Serie A",1.02,NA,NA,"FC Palermo Italy","IFK Göteborg","Serie A",1.02,12.4181018,44.1047981
"525","Bruno Henrique","FC Palermo Italy","Corinthians","Serie A",2.81,-121.7174504,40.5618791,"FC Palermo Italy","Corinthians","Serie A",2.81,12.4181018,44.1047981
"526","Slobodan Rajkovic","FC Palermo Italy","SV Darmstadt 98","Serie A",1.28,8.927711,50.108607,"FC Palermo Italy","SV Darmstadt 98","Serie A",1.28,12.4181018,44.1047981
"527","Alessandro Diamanti","FC Palermo Italy","GZ Evergrande","Serie A",0,113.3271346,23.1265915,"FC Palermo Italy","GZ Evergrande","Serie A",0,12.4181018,44.1047981
"528","Alessandro Gazzi","FC Palermo Italy","Torino","Serie A",0.595,7.6868565,45.070312,"FC Palermo Italy","Torino","Serie A",0.595,12.4181018,44.1047981
"529","Ilija Nestorovski","FC Palermo Italy","Inter Zapresic","Serie A",0.425,NA,NA,"FC Palermo Italy","Inter Zapresic","Serie A",0.425,12.4181018,44.1047981
"530","Nani","Valencia CF Spain","Fenerbahce","La Liga",7.23,24.4447587,36.7252955,"Valencia CF Spain","Fenerbahce","La Liga",7.23,-0.5104759,39.0643597
"531","Ezequiel Garay","Valencia CF Spain","Zenit S-Pb","La Liga",20.4,75.8253215,30.9258866,"Valencia CF Spain","Zenit S-Pb","La Liga",20.4,-0.5104759,39.0643597
"532","Álvaro Medrán","Valencia CF Spain","Real Madrid","La Liga",1.28,-99.136043,19.2932645,"Valencia CF Spain","Real Madrid","La Liga",1.28,-0.5104759,39.0643597
"533","Martín Montoya","Valencia CF Spain","FC Barcelona","La Liga",0,2.1178229,41.3806915,"Valencia CF Spain","FC Barcelona","La Liga",0,-0.5104759,39.0643597
"534","Josip Brekalo","VfL Wolfsburg Germany","Dinamo Zagreb","Bundesliga",5.1,16.1163926,45.7062291,"VfL Wolfsburg Germany","Dinamo Zagreb","Bundesliga",5.1,10.7979685,52.4257066
"535","Yannick Gerhardt","VfL Wolfsburg Germany","1. FC Köln","Bundesliga",11.05,NA,NA,"VfL Wolfsburg Germany","1. FC Köln","Bundesliga",11.05,10.7979685,52.4257066
"536","Jeffrey Bruma","VfL Wolfsburg Germany","PSV Eindhoven","Bundesliga",9.78,5.4660837,51.4432096,"VfL Wolfsburg Germany","PSV Eindhoven","Bundesliga",9.78,10.7979685,52.4257066
"537","Jakub Blaszczykowski","VfL Wolfsburg Germany","Bor. Dortmund","Bundesliga",4.25,7.3714033,51.4918469,"VfL Wolfsburg Germany","Bor. Dortmund","Bundesliga",4.25,10.7979685,52.4257066
"538","Daniel Didavi","VfL Wolfsburg Germany","VfB Stuttgart","Bundesliga",0,NA,NA,"VfL Wolfsburg Germany","VfB Stuttgart","Bundesliga",0,10.7979685,52.4257066
"539","Josuha Guilavogui","VfL Wolfsburg Germany","Atlético Madrid","Bundesliga",2.55,-3.7423397,40.3757325,"VfL Wolfsburg Germany","Atlético Madrid","Bundesliga",2.55,10.7979685,52.4257066
"540","Victor Osimhen","VfL Wolfsburg Germany","Ult. Strikers","Bundesliga",2.98,NA,NA,"VfL Wolfsburg Germany","Ult. Strikers","Bundesliga",2.98,10.7979685,52.4257066
"541","Mario Gómez","VfL Wolfsburg Germany","Fiorentina","Bundesliga",5.95,10.5355882,42.9636137,"VfL Wolfsburg Germany","Fiorentina","Bundesliga",5.95,10.7979685,52.4257066
"542","Alfred N'Diaye","Villarreal CF Spain","Real Betis","La Liga",6.8,-103.4456539,20.7908698,"Villarreal CF Spain","Real Betis","La Liga",6.8,-0.1165001,39.9391986
"543","Álvaro González","Villarreal CF Spain","Espanyol","La Liga",3.4,2.641692,39.6293694,"Villarreal CF Spain","Espanyol","La Liga",3.4,-0.1165001,39.9391986
"544","Roberto Soriano","Villarreal CF Spain","Sampdoria","La Liga",11.99,-100.7169119,20.0188739,"Villarreal CF Spain","Sampdoria","La Liga",11.99,-0.1165001,39.9391986
"545","Alexandre Pato","Villarreal CF Spain","Corinthians","La Liga",2.55,-121.7174504,40.5618791,"Villarreal CF Spain","Corinthians","La Liga",2.55,-0.1165001,39.9391986
"546","Nicola Sansone","Villarreal CF Spain","Sassuolo","La Liga",11.05,10.7847741,44.54433,"Villarreal CF Spain","Sassuolo","La Liga",11.05,-0.1165001,39.9391986
"547","Cristian Espinoza","Villarreal CF Spain","CA Huracán","La Liga",6.12,-115.5627772,32.6306838,"Villarreal CF Spain","CA Huracán","La Liga",6.12,-0.1165001,39.9391986
"548","Denis Cheryshev","Villarreal CF Spain","Real Madrid","La Liga",5.95,-99.136043,19.2932645,"Villarreal CF Spain","Real Madrid","La Liga",5.95,-0.1165001,39.9391986
"549","Brice Dja Djedjé","Watford UK","Marseille","Premier league",3.06,5.36978,43.296482,"Watford UK","Marseille","Premier league",3.06,-0.39032,51.656489
"550","Isaac Success","Watford UK","Granada CF","Premier league",12.75,-3.0106774,36.7460566,"Watford UK","Granada CF","Premier league",12.75,-0.39032,51.656489
"551","Younès Kaboul","Watford UK","Sunderland","Premier league",3.4,-1.383801,54.906869,"Watford UK","Sunderland","Premier league",3.4,-0.39032,51.656489
"552","Daryl Janmaat","Watford UK","Newcastle","Premier league",7.57,-1.61778,54.978252,"Watford UK","Newcastle","Premier league",7.57,-0.39032,51.656489
"553","Stefano Okaka","Watford UK","RSC Anderlecht","Premier league",5.1,NA,NA,"Watford UK","RSC Anderlecht","Premier league",5.1,-0.39032,51.656489
"554","Christian Kabasele","Watford UK","KRC Genk","Premier league",5.91,5.5021,50.96613,"Watford UK","KRC Genk","Premier league",5.91,-0.39032,51.656489
"555","Jerome Sinclair","Watford UK","Liverpool U23","Premier league",0,-81.5040171,38.8991063,"Watford UK","Liverpool U23","Premier league",0,-0.39032,51.656489
"556","Adrian Mariappa","Watford UK","Crystal Palace","Premier league",0,-80.0032,40.4398,"Watford UK","Crystal Palace","Premier league",0,-0.39032,51.656489
"557","Sven Kums","Watford UK","KAA Gent","Premier league",8.5,NA,NA,"Watford UK","KAA Gent","Premier league",8.5,-0.39032,51.656489
"558","Roberto Pereyra","Watford UK","Juventus","Premier league",11.05,-100.363932,25.733185,"Watford UK","Juventus","Premier league",11.05,-0.39032,51.656489
"559","Thanos Petsos","Werder Bremen Germany","Rapid Vienna","Bundesliga",0,-103.5459068,44.0382334,"Werder Bremen Germany","Rapid Vienna","Bundesliga",0,8.809285,53.0696545
"560","Lamine Sané","Werder Bremen Germany","G. Bordeaux","Bundesliga",0,-0.57918,44.837789,"Werder Bremen Germany","G. Bordeaux","Bundesliga",0,8.809285,53.0696545
"561","Serge Gnabry","Werder Bremen Germany","Arsenal","Bundesliga",4.25,-98.496595,29.4148437,"Werder Bremen Germany","Arsenal","Bundesliga",4.25,8.809285,53.0696545
"562","Justin Eilers","Werder Bremen Germany","Dynamo Dresden","Bundesliga",0,NA,NA,"Werder Bremen Germany","Dynamo Dresden","Bundesliga",0,8.809285,53.0696545
"563","Florian Kainz","Werder Bremen Germany","Rapid Vienna","Bundesliga",2.98,-103.5459068,44.0382334,"Werder Bremen Germany","Rapid Vienna","Bundesliga",2.98,8.809285,53.0696545
"564","Max Kruse","Werder Bremen Germany","VfL Wolfsburg","Bundesliga",6.38,10.7979685,52.4257066,"Werder Bremen Germany","VfL Wolfsburg","Bundesliga",6.38,8.809285,53.0696545
"565","Lennart Thy","Werder Bremen Germany","FC St. Pauli","Bundesliga",0,NA,NA,"Werder Bremen Germany","FC St. Pauli","Bundesliga",0,8.809285,53.0696545
"566","Fallou Diagne","Werder Bremen Germany","Rennes","Bundesliga",1.28,-1.6777926,48.117266,"Werder Bremen Germany","Rennes","Bundesliga",1.28,8.809285,53.0696545
"567","Niklas Moisander","Werder Bremen Germany","Sampdoria","Bundesliga",1.53,-100.7169119,20.0188739,"Werder Bremen Germany","Sampdoria","Bundesliga",1.53,8.809285,53.0696545
"568","Robert Bauer","Werder Bremen Germany","FC Ingolstadt","Bundesliga",2.13,11.4257541,48.7665351,"Werder Bremen Germany","FC Ingolstadt","Bundesliga",2.13,8.809285,53.0696545
"569","Thomas Delaney","Werder Bremen Germany","FC Copenhagen","Bundesliga",1.7,12.1765189,55.4563854,"Werder Bremen Germany","FC Copenhagen","Bundesliga",1.7,8.809285,53.0696545
"570","Nacer Chadli","West Brom UK","Spurs","Premier league",12.92,-109.30151,35.1709339,"West Brom UK","Spurs","Premier league",12.92,-1.995159,52.517664
"571","Matt Phillips","West Brom UK","QPR","Premier league",5.53,-8.4052158,53.8761086,"West Brom UK","QPR","Premier league",5.53,-1.995159,52.517664
"572","Hal Robson-Kanu","West Brom UK","Reading","Premier league",0,-75.9268747,40.3356483,"West Brom UK","Reading","Premier league",0,-1.995159,52.517664
"573","Allan Nyom","West Brom UK","Watford","Premier league",4,-0.39032,51.656489,"West Brom UK","Watford","Premier league",4,-1.995159,52.517664
"574","Álvaro Arbeloa","West Ham UK","Real Madrid","Premier league",0,-99.136043,19.2932645,"West Ham UK","Real Madrid","Premier league",0,0.014525,51.538265
"575","André Ayew","West Ham UK","Swansea","Premier league",20.49,-3.943646,51.62144,"West Ham UK","Swansea","Premier league",20.49,0.014525,51.538265
"576","Sofiane Feghouli","West Ham UK","Valencia CF","Premier league",0,-0.5104759,39.0643597,"West Ham UK","Valencia CF","Premier league",0,0.014525,51.538265
"577","Ashley Fletcher","West Ham UK","Man Utd U23","Premier league",0,-118.4120366,33.9597525,"West Ham UK","Man Utd U23","Premier league",0,0.014525,51.538265
"578","Manuel Lanzini","West Ham UK","Al-Jazira","Premier league",10.2,35.8028306,31.7049999,"West Ham UK","Al-Jazira","Premier league",10.2,0.014525,51.538265
"579","Edimilson Fernandes","West Ham UK","FC Sion","Premier league",5.44,-6.5030396,53.3655799,"West Ham UK","FC Sion","Premier league",5.44,0.014525,51.538265
"580","Havard Nordtveit","West Ham UK","Bor. M'gladbach","Premier league",0,NA,NA,"West Ham UK","Bor. M'gladbach","Premier league",0,0.014525,51.538265
"581","Arthur Masuaku","West Ham UK","Olympiacos","Premier league",6.04,NA,NA,"West Ham UK","Olympiacos","Premier league",6.04,0.014525,51.538265
